2015-10-22 10:27:48,0
2015-10-22 08:26:58,0
2015-10-22 08:09:52,0
2015-10-21 23:23:00,1.375
2015-10-21 23:20:21,0
2015-10-21 23:19:38,0
2015-10-21 23:17:55,0.875
2015-10-21 23:16:49,0
2015-10-21 23:15:16,0.875
2015-10-21 23:14:33,0.25
2015-10-21 23:13:23,0
2015-10-21 23:11:06,-0.625
2015-10-21 23:07:36,1
2015-10-21 23:01:41,0
2015-10-21 23:01:14,0
2015-10-21 21:35:53,1.25
2015-10-21 21:11:28,0.25
2015-10-19 06:49:57,0.375
2015-10-17 16:51:59,1
2015-10-17 05:37:31,1.25
2015-10-17 05:28:39,-0.25
2015-10-16 15:24:59,0
2015-10-15 18:36:16,0
2015-10-15 16:39:34,-0.25
2015-10-15 04:58:59,1.125
2015-10-15 04:58:20,0
2015-10-15 03:07:15,0.625
2015-10-14 21:33:25,0.625
2015-10-14 21:15:54,0.5
2015-10-14 21:13:14,0
2015-10-11 14:49:37,0
2015-10-11 04:20:53,1.25
2015-10-11 02:15:32,0
2015-10-11 02:07:54,0.25
2015-10-11 02:05:52,0
2015-10-11 02:03:44,0.625
2015-10-11 00:52:58,0
2015-10-11 00:35:12,0.375
2015-10-11 00:31:20,0.75
2015-10-11 00:27:32,0
2015-10-10 23:51:14,-0.125
2015-10-10 00:33:41,0.875
2015-10-09 22:19:27,0
2015-10-09 22:11:36,1.375
2015-10-09 22:03:40,0.375
2015-10-09 05:29:18,0.375
2015-10-03 00:38:55,1.125
2015-10-02 22:55:12,-0.625
2015-10-02 22:50:58,0
2015-10-02 22:49:08,0
2015-10-02 22:47:09,0.25
2015-10-02 22:43:47,0
2015-10-02 22:35:54,0
2015-10-02 22:21:58,-0.5
2015-10-02 21:53:04,0
2015-10-02 21:37:05,0
2015-10-02 20:57:19,0
2015-10-02 19:39:40,0.25
2015-10-02 19:37:37,0
2015-10-02 19:19:48,1
2015-09-30 07:54:22,0.375
2015-09-30 07:47:16,0
2015-09-30 07:46:57,0
2015-09-30 07:46:33,1.125
2015-09-30 07:44:30,0.75
2015-09-29 07:43:37,0
2015-09-29 07:39:41,0.25
2015-09-28 16:12:34,-0.375
2015-09-27 01:02:35,0.25
2015-09-26 05:38:34,0.5
2015-09-25 08:53:39,-0.625
2015-09-25 00:44:09,0.375
2015-09-23 22:31:41,0.625
2015-09-23 22:12:49,0
2015-09-16 16:44:58,0
2015-09-15 01:41:54,0
2015-09-14 21:35:57,0.125
2015-09-14 21:26:37,0
2015-09-14 21:24:22,0
2015-09-14 16:13:49,0
2015-09-13 07:22:13,-0.125
2015-09-12 20:46:26,0
2015-09-12 19:07:49,-0.75
2015-09-11 00:24:33,0.375
2015-09-11 00:24:27,0.375
2015-09-02 20:59:53,0.375
2015-09-02 20:57:45,0
2015-09-02 20:39:18,-1.375
2015-09-02 20:25:26,0
2015-09-02 20:22:20,0.25
2015-09-02 20:17:47,0.375
2015-09-02 06:30:41,0
2015-09-02 02:24:26,0.625
2015-08-27 15:10:49,1.375
2015-08-25 08:16:36,0.25
2015-08-22 22:22:23,1.125
2015-08-22 22:20:12,0
2015-08-20 16:45:29,1.875
2015-08-17 19:56:52,0
2015-08-16 20:35:25,0.75
2015-08-13 17:19:15,0.375
2015-08-08 13:25:17,0.75
2015-08-06 17:48:07,-0.625
2015-08-05 20:37:36,0.25
2015-07-31 18:25:06,0
2015-07-31 18:19:35,1
2015-07-31 09:04:56,0
2015-07-31 09:00:40,0.5
2015-07-31 08:58:32,-0.25
2015-07-31 08:57:31,-0.5
2015-07-31 04:53:42,0.25
2015-07-30 15:43:40,0
2015-07-30 15:41:46,0
2015-07-28 04:58:14,0.375
2015-07-28 01:41:39,0.25
2015-07-27 04:42:40,0
2015-07-18 01:58:37,-0.25
2015-07-17 15:30:15,0.25
2015-07-12 22:25:32,0.625
2015-07-10 18:49:12,0.5
2015-07-06 00:25:48,0.375
2015-07-05 15:39:36,0
2015-06-29 08:09:41,-1.875
2015-06-28 16:38:46,0
2015-06-28 15:52:41,0.125
2015-06-28 15:51:12,1.125
2015-06-28 15:48:46,-0.25
2015-06-28 15:23:26,0
2015-06-28 14:37:40,0.5
2015-06-28 11:08:34,0
2015-06-27 19:15:26,0
2015-06-27 15:14:57,0.625
2015-06-27 11:25:51,0
2015-06-27 11:22:20,0
2015-06-27 04:03:13,0
2015-06-27 02:47:18,1
2015-06-26 02:28:07,0
2015-06-23 15:20:49,0.375
2015-06-22 23:09:36,0
2015-06-19 22:11:23,-0.125
2015-06-15 16:32:04,-1.125
2015-06-15 16:22:09,0.5
2015-06-15 16:08:32,0
2015-06-12 04:29:44,1.375
2015-06-05 21:54:23,0.375
2015-06-02 23:27:12,0.25
2015-06-01 19:47:50,-0.5
2015-05-27 03:57:09,0.375
2015-05-22 08:41:00,0.125
2015-05-22 08:24:49,0.5
2015-05-22 02:39:41,0.375
2015-05-21 21:34:11,0.625
2015-05-19 22:04:08,0
2015-05-19 06:32:15,0
2015-05-17 15:49:20,0.125
2015-05-16 01:51:45,1.125
2015-05-16 01:51:40,0
2015-05-12 21:05:16,0
2015-05-12 17:14:25,0.5
2015-05-12 15:42:11,0
2015-05-12 15:23:25,0.5
2015-05-12 10:03:05,-0.75
2015-05-12 09:56:06,-0.625
2015-05-12 04:30:12,-0.875
2015-05-06 20:45:13,0
2015-05-06 20:37:51,0.375
2015-05-06 15:46:16,-0.125
2015-05-06 14:36:17,0.25
2015-05-05 18:27:30,0.375
2015-05-05 06:36:48,0.875
2015-05-04 12:50:04,1.125
2015-05-03 06:52:16,-0.75
2015-05-03 06:31:02,0
2015-05-02 02:27:02,0
2015-05-01 17:13:01,1.375
2015-05-01 17:08:06,-1.25
2015-04-30 15:48:53,0.75
2015-04-29 06:10:59,0
2015-04-27 23:45:00,-1
2015-04-27 08:13:05,-0.875
2015-04-27 00:14:42,0
2015-04-26 23:35:01,0
2015-04-23 02:14:06,0.875
2015-04-19 15:58:47,0
2015-04-19 00:02:14,1
2015-04-18 23:53:38,-0.625
2015-04-18 19:07:30,0.375
2015-04-18 08:51:55,0
2015-04-17 15:07:41,0.375
2015-04-15 23:53:01,0
2015-04-15 22:05:33,0.625
2015-04-15 01:01:22,-0.625
2015-04-15 00:57:32,0
2015-04-15 00:52:44,-0.75
2015-04-14 20:53:06,0.375
2015-04-14 20:29:57,-0.75
2015-04-14 20:07:39,0
2015-04-14 19:21:03,-0.375
2015-04-13 21:10:00,-0.5
2015-04-13 20:32:43,0.375
2015-04-13 19:49:20,-0.875
2015-04-13 18:24:32,0
2015-04-13 18:21:17,0
2015-04-13 05:32:47,-0.25
2015-04-13 01:04:51,0.5
2015-04-12 10:01:31,0
2015-04-11 05:46:41,1.375
2015-04-11 04:41:20,0.25
2015-04-11 04:39:56,0.375
2015-04-11 02:49:32,0
2015-04-09 16:22:36,0
2015-04-09 15:56:29,-1.25
2015-04-06 21:02:32,0.625
2015-04-06 20:55:08,0
2015-04-06 16:17:48,-0.25
2015-04-06 07:17:34,0.875
2015-04-04 00:49:23,0.625
2015-04-01 21:39:36,0
2015-04-01 20:08:07,0.25
2015-03-31 23:47:34,0.375
2015-03-31 17:48:03,0.25
2015-03-31 15:55:22,0.25
2015-03-31 15:42:21,0.625
2015-03-31 08:24:01,0
2015-03-30 16:35:15,-0.25
2015-03-27 01:55:06,0
2015-03-24 21:32:58,-0.625
2015-03-24 21:26:16,-1.875
2015-03-24 21:22:08,-0.875
2015-03-24 21:17:56,0.25
2015-03-23 21:52:31,0.375
2015-03-23 16:42:14,0.375
2015-03-23 04:26:07,-0.5
2015-03-22 04:47:53,0.25
2015-03-21 09:42:39,0.375
2015-03-21 09:40:54,-0.875
2015-03-21 09:20:15,0.25
2015-03-21 08:27:51,0
2015-03-18 20:13:43,0.5
2015-03-17 21:37:31,-0.625
2015-03-17 21:35:51,0.375
2015-03-17 18:26:10,0
2015-03-17 04:49:06,0.125
2015-03-16 18:15:20,0
2015-03-16 18:12:56,1
2015-03-15 12:16:34,0
2015-03-14 06:54:35,0
2015-03-13 21:51:51,0
2015-03-13 01:31:34,0.5
2015-03-13 00:52:41,0
2015-03-13 00:47:14,0
2015-03-12 22:00:35,0.875
2015-03-12 21:56:18,-0.25
2015-03-12 21:55:27,-0.125
2015-03-12 21:33:01,0
2015-03-11 06:02:10,-0.25
2015-03-10 15:42:34,0.25
2015-03-08 14:46:37,-0.875
2015-03-07 01:23:42,0
2015-03-02 05:11:47,0
2015-03-02 04:47:56,0.125
2015-03-02 04:30:27,0.625
2015-03-02 01:38:36,-0.625
2015-03-02 01:20:26,0
2015-02-26 19:01:25,0.75
2015-02-24 21:01:45,0.375
2015-02-12 03:39:24,-0.75
2015-02-11 23:52:07,0.875
2015-02-11 23:43:22,0.875
2015-02-11 22:27:59,0.375
2015-02-11 22:24:25,1.75
2015-02-11 22:22:38,0.375
2015-02-11 22:20:29,-0.375
2015-02-11 03:24:08,0
2015-02-11 01:35:29,-0.75
2015-02-10 23:12:58,-0.25
2015-02-10 19:53:37,0.125
2015-02-10 18:51:52,0
2015-02-10 16:12:46,0
2015-02-10 07:33:17,-0.5
2015-02-09 22:04:38,0.625
2015-02-09 21:39:37,-0.5
2015-02-08 23:17:57,1.25
2015-02-08 23:13:28,0
2015-02-08 19:43:58,0.625
2015-02-08 18:38:58,-0.125
2015-02-08 18:32:14,0
2015-02-02 18:47:49,0.125
2015-01-30 03:25:33,0.375
2015-01-29 21:17:17,0.25
2015-01-29 21:12:31,-1.25
2015-01-29 21:07:04,0
2015-01-29 20:41:56,-0.125
2015-01-29 20:33:34,-0.5
2015-01-29 06:40:43,0
2015-01-28 06:50:15,0
2015-01-26 08:28:48,0.25
2015-01-26 04:06:28,2
2015-01-26 03:45:47,0.25
2015-01-26 03:36:00,0.625
2015-01-26 03:30:49,1
2015-01-24 21:43:26,0
2015-01-24 17:12:58,-0.5
2015-01-23 19:10:03,0
2015-01-23 17:46:50,0
2015-01-23 17:44:24,0
2015-01-23 16:40:13,0.5
2015-01-23 16:39:13,0.5
2015-01-22 05:46:06,-0.375
2015-01-20 07:16:17,0.875
2015-01-17 04:07:55,0
2015-01-16 20:30:15,-0.25
2015-01-16 15:07:06,0
2015-01-16 06:56:15,-0.625
2015-01-16 06:52:20,0
2015-01-16 06:44:36,0.25
2015-01-16 06:42:03,-0.25
2015-01-16 04:55:13,-0.25
2015-01-15 22:40:40,0
2015-01-15 20:29:30,0
2015-01-15 19:11:10,0
2015-01-15 19:08:34,0.5
2015-01-15 15:08:43,1.375
2015-01-12 02:32:39,0
2015-01-11 17:37:48,0.25
2015-01-11 16:54:48,0.125
2015-01-10 21:13:45,-1
2015-01-10 17:20:28,0.625
2015-01-10 17:19:11,-0.125
2015-01-10 17:17:15,0.875
2015-01-10 10:15:10,0.5
2015-01-10 10:10:49,0.5
2015-01-10 10:05:22,0.5
2015-01-10 10:00:49,0
2015-01-10 09:45:35,-0.25
2015-01-10 09:19:11,0
2015-01-10 08:49:36,0.875
2015-01-10 08:47:37,0
2015-01-10 02:45:57,0
2015-01-08 20:52:13,-0.625
2015-01-07 17:18:53,0
2015-01-06 12:10:19,0.375
2015-01-06 03:45:00,0
2015-01-06 01:43:45,0
2015-01-06 00:11:18,0
2015-01-05 19:18:07,0
2015-01-05 17:24:48,0
2015-01-01 15:41:59,0.375
2014-12-31 14:27:34,0.625
2014-12-30 20:46:18,0
2014-12-26 22:09:11,0.5
2014-12-26 00:06:08,-0.125
2014-12-25 23:22:08,0.625
2014-12-20 23:55:27,-0.25
2014-12-20 23:42:49,0
2014-12-19 21:32:36,0
2014-12-19 19:07:24,0
2014-12-19 15:40:54,-0.75
2014-12-19 15:36:11,1.125
2014-12-08 17:15:22,0
2014-12-08 16:59:51,0
2014-12-05 17:15:57,0.25
2014-12-03 00:48:57,1
2014-11-24 22:53:05,0.375
2014-11-23 03:03:22,-1
2014-11-23 01:14:25,0.125
2014-11-23 01:08:48,0.25
2014-11-22 21:21:28,-0.125
2014-11-22 21:11:30,0
2014-11-22 21:01:39,-0.25
2014-11-22 20:42:54,-0.5
2014-11-21 21:55:39,-0.375
2014-11-21 21:21:39,0
2014-11-19 15:02:00,0.375
2014-11-19 14:59:48,1.125
2014-11-19 14:49:18,0
2014-11-18 15:36:09,0.5
2014-11-18 07:20:53,0
2014-11-12 03:04:26,0.75
2014-11-11 16:15:59,-0.25
2014-11-11 02:26:03,0.125
2014-11-11 02:19:47,-0.875
2014-11-07 05:56:03,0
2014-11-04 02:53:09,0
2014-10-31 22:52:40,0
2014-10-28 23:54:52,0.25
2014-10-28 05:50:46,0.75
2014-10-28 05:38:19,0
2014-10-26 18:18:37,-1.25
2014-10-26 02:05:37,0
2014-10-18 01:53:18,0
2014-10-17 07:24:30,-0.5
2014-10-16 05:26:41,-0.25
2014-10-14 16:17:49,0.25
2014-10-11 01:10:02,0
2014-10-09 22:11:52,0
2014-10-04 02:35:15,0
2014-10-02 03:02:19,0
2014-10-02 01:31:18,0
2014-09-29 06:22:47,-0.375
2014-09-25 19:41:37,0.375
2014-09-23 13:32:34,0
2014-09-21 06:22:42,-0.75
2014-09-20 03:17:43,0
2014-09-20 02:06:33,0
2014-09-20 00:00:22,1
2014-09-19 23:49:51,0
2014-09-16 21:20:22,-0.25
2014-09-16 21:18:59,0
2014-09-16 21:13:38,0.5
2014-09-11 21:00:40,0
2014-09-10 06:16:48,0.25
2014-09-09 05:29:25,0
2014-09-09 04:22:47,-0.25
2014-09-08 10:14:37,0
2014-09-08 08:43:52,0.375
2014-09-08 05:40:06,0.375
2014-09-07 15:06:16,0
2014-09-07 14:27:48,0.375
2014-09-07 14:07:10,0
2014-09-07 03:29:58,-1.25
2014-09-01 22:45:28,0.625
2014-08-25 21:13:27,0
2014-08-25 21:11:40,-0.5
2014-08-25 20:58:59,0
2014-08-25 20:26:16,0
2014-08-23 16:41:07,0.625
2014-08-23 07:11:39,-0.5
2014-08-23 00:24:44,-0.625
2014-08-19 17:06:01,0
2014-08-19 15:17:02,0
2014-08-15 20:26:33,0
2014-08-15 20:21:05,0
2014-08-15 20:16:40,-0.125
2014-08-12 14:15:58,-0.125
2014-08-05 16:53:11,0
2014-08-05 15:07:42,0.125
2014-08-05 15:04:39,-0.375
2014-08-05 00:22:03,0
2014-08-03 19:18:13,0
2014-08-03 19:11:50,0.25
2014-08-03 03:19:53,0
2014-08-03 02:37:52,1.125
2014-08-03 02:33:24,0.375
2014-08-03 01:16:39,-0.625
2014-07-26 17:23:03,0.625
2014-07-23 05:18:20,0
2014-07-23 04:05:37,0
2014-07-19 02:42:58,0
2014-07-14 16:20:38,0.75
2014-07-14 16:16:20,-0.5
2014-07-14 16:09:56,0
2014-07-10 17:26:14,-0.5
2014-07-10 16:56:53,0.625
2014-07-01 14:25:43,1.25
2014-06-19 19:22:25,0.875
2014-06-17 14:15:57,-0.5
2014-06-17 14:04:52,-0.25
2014-06-17 04:32:53,-0.5
2014-06-15 16:51:26,0
2014-06-12 22:57:03,0.75
2014-06-12 17:02:05,0
2014-06-11 08:25:25,0
2014-06-11 08:24:51,0
2014-06-11 01:31:46,0.25
2014-06-10 17:53:06,0
2014-06-08 22:51:54,-0.625
2014-06-04 15:35:20,0
2014-06-04 03:39:27,0.5
2014-05-31 15:11:37,0
2014-05-29 01:43:56,0
2014-05-29 00:21:40,-0.25
2014-05-25 17:12:37,0.5
2014-05-25 17:05:54,0
2014-05-24 00:42:36,0.875
2014-05-24 00:20:35,0.25
2014-05-24 00:20:23,1.375
2014-05-23 23:55:43,-0.25
2014-05-23 23:47:45,0
2014-05-23 23:40:23,0
2014-05-23 23:27:02,0.375
2014-05-23 01:01:03,0.25
2014-05-23 00:52:04,1.125
2014-05-23 00:45:53,-0.25
2014-05-23 00:40:56,1.375
2014-05-22 05:59:44,0.5
2014-05-18 21:09:31,0
2014-05-18 06:20:42,0.375
2014-05-14 10:12:30,0.5
2014-05-14 10:00:15,0.375
2014-05-13 18:00:26,0
2014-05-10 07:29:03,-0.5
2014-05-08 19:47:23,0.375
2014-05-02 05:41:55,0
2014-05-02 05:24:30,0
2014-05-01 15:57:51,-0.25
2014-04-29 23:18:19,-0.625
2014-04-29 23:01:13,1
2014-04-29 08:19:51,0
2014-04-29 08:19:25,-0.25
2014-04-29 08:13:10,0
2014-04-29 02:55:39,0.25
2014-04-26 03:07:36,0.25
2014-04-24 21:47:59,0
2014-04-24 21:26:17,0.625
2014-04-19 07:11:12,0.375
2014-04-19 00:16:39,-0.375
2014-04-19 00:00:36,0
2014-04-18 21:04:35,-0.75
2014-04-18 20:48:15,0
2014-04-18 20:40:24,-0.125
2014-04-18 19:11:47,0.875
2014-04-18 17:40:17,0.25
2014-04-18 16:20:04,0.25
2014-04-18 16:15:13,0
2014-04-18 16:08:38,-1
2014-04-18 15:38:25,0
2014-04-17 21:59:14,0.375
2014-04-09 21:17:09,0
2014-04-08 16:44:15,0.375
2014-04-08 16:33:19,-0.125
2014-04-08 15:30:21,0.25
2014-04-07 16:21:53,0.25
2014-04-07 16:15:27,0.25
2014-04-07 15:54:37,0.25
2014-04-07 15:52:32,0.25
2014-04-07 15:47:29,-0.625
2014-04-07 15:46:57,-0.25
2014-04-07 15:46:45,0
2014-04-05 19:57:08,0
2014-04-05 19:56:35,-0.5
2014-04-05 19:53:06,0
2014-04-05 01:19:01,0.375
2014-04-01 20:32:13,0.625
2014-03-31 17:52:49,0
2014-03-31 15:35:37,0
2014-03-31 15:11:10,-0.75
2014-03-25 14:26:50,0
2014-03-21 18:59:13,-0.5
2014-03-19 18:12:28,0
2014-03-17 17:49:54,1.375
2014-03-17 01:55:53,0
2014-03-14 20:56:02,-0.25
2014-03-14 18:35:37,-0.25
2014-03-14 06:29:14,0.375
2014-03-14 06:28:03,0.875
2014-03-14 06:25:47,-0.5
2014-03-14 06:20:48,0.875
2014-03-11 15:56:37,0.625
2014-03-11 15:23:26,0
2014-03-11 02:15:53,-0.375
2014-03-11 00:47:42,0.25
2014-03-10 21:02:07,0
2014-03-07 00:23:59,0.625
2014-03-05 14:46:12,0.625
2014-02-25 18:39:16,-0.375
2014-02-25 18:22:03,0.25
2014-02-24 01:37:05,0
2014-02-24 01:32:23,0.25
2014-02-17 20:45:32,0.25
2014-02-14 02:28:00,0
2014-02-14 00:58:23,0.375
2014-02-11 03:55:25,-0.25
2014-02-09 21:36:53,0.25
2014-02-09 06:08:14,0
2014-02-07 17:54:59,0.625
2014-02-02 14:07:53,-0.125
2014-01-30 07:17:30,0.5
2014-01-26 09:35:15,-0.375
2014-01-26 09:30:23,0.375
2014-01-26 09:27:04,0.375
2014-01-26 09:24:58,0
2014-01-23 20:40:34,0
2014-01-14 18:11:52,0
2014-01-14 16:24:49,-0.25
2014-01-07 00:38:53,0
2014-01-06 23:17:36,-0.375
2014-01-06 23:17:28,0
2014-01-06 23:05:03,0
2014-01-06 19:05:31,0
2013-12-26 21:06:38,1.25
2013-12-25 20:56:21,0
2013-12-24 03:26:58,0
2013-12-22 00:58:54,1.125
2013-12-21 18:05:27,0.375
2013-12-21 18:04:08,0
2013-12-19 20:45:31,0.5
2013-12-19 20:45:19,-0.25
2013-12-19 19:23:04,0
2013-12-12 05:38:58,-0.375
2013-12-10 16:32:57,0
2013-12-05 22:55:39,0.875
2013-12-05 21:24:45,-0.625
2013-12-05 20:31:21,1
2013-12-04 00:30:55,0.375
2013-12-04 00:08:49,0
2013-12-03 23:26:48,0
2013-12-03 23:04:03,0.875
2013-12-03 22:15:55,0
2013-12-03 21:39:31,0.875
2013-12-03 18:34:57,0
2013-12-03 16:34:56,0
2013-12-03 05:32:46,0.625
2013-12-03 03:49:47,0.375
2013-12-03 03:48:51,0.125
2013-12-03 02:53:28,0.5
2013-12-02 22:26:37,-0.375
2013-12-02 16:02:04,0.5
2013-12-02 01:10:19,-0.375
2013-12-02 01:00:40,-0.75
2013-11-30 15:28:37,-1
2013-11-30 14:59:41,0
2013-11-29 00:01:41,0
2013-11-28 23:53:36,-0.375
2013-11-28 23:40:09,0.375
2013-11-28 23:37:30,1.25
2013-11-28 22:54:51,0.75
2013-11-28 22:27:55,0
2013-11-28 22:24:12,0
2013-11-28 09:19:42,1
2013-11-28 09:17:44,-0.375
2013-11-28 07:44:39,0
2013-11-28 05:01:16,0.125
2013-11-28 04:52:04,0
2013-11-28 04:38:23,-0.25
2013-11-28 04:04:26,0
2013-11-28 01:03:28,-1.25
2013-11-27 08:46:36,0.625
2013-11-26 00:42:59,0.5
2013-11-25 04:17:54,0
2013-11-24 23:34:54,0.875
2013-11-23 02:28:26,0
2013-11-23 02:01:33,0.5
2013-11-23 01:45:48,-0.125
2013-11-23 01:30:37,0
2013-11-21 19:17:05,-0.375
2013-11-19 17:28:45,0
2013-11-19 16:30:54,0.25
2013-11-19 14:50:48,-0.875
2013-11-19 14:21:08,0
2013-11-14 00:04:39,0
2013-11-12 23:55:16,-0.5
2013-11-10 01:28:29,-0.5
2013-11-02 18:56:33,0.375
2013-10-30 14:47:29,0
2013-10-26 21:52:37,0
2013-10-12 19:41:33,0
2013-10-04 20:02:35,0
2013-09-29 22:00:25,0.125
2013-09-29 20:13:57,1.5
2013-09-29 20:02:27,0.375
2013-09-29 19:01:54,0
2013-09-29 15:20:34,0
2013-09-29 15:15:23,0.625
2013-09-27 02:32:44,0
2013-09-26 23:35:33,0.625
2013-09-26 21:11:55,0
2013-09-25 16:15:33,-0.25
2013-09-25 16:12:35,0.75
2013-09-20 02:12:58,-0.25
2013-09-20 01:30:59,-0.125
2013-09-19 04:31:39,0
2013-09-19 01:16:55,0.375
2013-09-18 22:33:52,-0.875
2013-09-18 22:11:25,0.625
2013-09-18 22:00:09,0
2013-09-15 09:14:35,0.875
2013-09-13 06:04:52,-1
2013-09-10 08:36:20,1.25
2013-09-10 06:58:33,-0.75
2013-09-10 06:28:56,0
2013-09-07 20:17:19,-1.125
2013-09-07 20:15:15,1.25
2013-09-06 19:25:54,0
2013-09-05 21:48:50,0
2013-09-05 21:17:14,0.875
2013-09-04 07:20:45,0.125
2013-08-24 02:35:33,0
2013-08-23 22:15:00,0.5
2013-08-23 22:06:37,-0.875
2013-08-23 22:02:28,0.75
2013-08-23 21:58:50,0.375
2013-08-20 01:10:57,1.375
2013-08-16 19:56:11,0
2013-08-14 07:17:12,0
2013-08-12 21:04:54,-0.625
2013-08-12 20:51:24,0
2013-08-12 16:48:35,-0.125
2013-08-07 16:03:10,0
2013-08-01 07:26:04,0
2013-07-28 02:47:17,0
2013-07-24 21:12:44,0.625
2013-07-24 07:49:13,-0.25
2013-07-24 06:35:08,-0.375
2013-07-23 19:08:12,0
2013-07-23 19:02:39,0.75
2013-07-15 16:51:54,0
2013-07-15 14:16:31,-0.5
2013-07-15 14:10:41,0.25
2013-07-15 14:06:18,0.25
2013-07-15 13:55:26,0.625
2013-07-15 13:46:43,-0.75
2013-07-15 13:02:26,0
2013-07-10 16:24:39,0
2013-07-10 15:31:05,0.5
2013-07-09 20:54:48,0.625
2013-07-09 19:56:49,-0.75
2013-07-09 16:54:56,-0.25
2013-07-06 00:28:41,0
2013-07-02 18:47:25,-0.25
2013-06-30 08:52:59,1.5
2013-06-29 21:47:27,0
2013-06-28 19:02:54,0
2013-06-28 19:02:18,-0.25
2013-06-28 17:52:20,-0.375
2013-06-28 17:26:01,0.25
2013-06-25 17:40:03,-0.25
2013-06-25 15:56:19,0
2013-06-25 15:54:07,-1.5
2013-06-24 05:19:41,0
2013-06-21 16:34:23,-1.125
2013-06-21 15:16:12,0
2013-06-21 07:07:04,-0.875
2013-06-20 07:30:26,-0.25
2013-06-19 08:07:47,0
2013-06-18 20:03:39,0
2013-06-18 14:57:29,0.875
2013-06-18 07:46:24,-0.25
2013-06-18 07:42:29,0.25
2013-06-12 15:31:23,-0.5
2013-06-12 06:37:44,1.125
2013-06-10 08:57:16,0.375
2013-06-08 19:15:21,0
2013-06-08 19:05:21,-0.25
2013-06-06 15:27:35,-0.625
2013-06-06 15:22:54,1.125
2013-06-06 15:12:24,0.25
2013-06-06 09:01:13,0.75
2013-06-05 02:35:23,0.125
2013-06-03 22:51:08,-0.375
2013-06-03 07:53:19,-1
2013-06-03 06:29:22,0
2013-06-03 04:06:33,-0.5
2013-05-30 18:47:47,0
2013-05-30 09:54:40,0.25
2013-05-26 21:35:17,-1.875
2013-05-26 21:18:27,0
2013-05-26 03:58:35,0
2013-05-25 21:14:55,-0.375
2013-05-25 21:01:04,-0.25
2013-05-25 20:39:58,0.625
2013-05-25 20:25:29,0.375
2013-05-25 20:01:39,-1.125
2013-05-25 19:59:59,-0.5
2013-05-25 19:58:08,-0.125
2013-05-25 18:53:03,-0.125
2013-05-25 18:28:03,0.75
2013-05-25 18:21:59,0
2013-05-25 18:15:55,-0.5
2013-05-25 18:08:54,-0.125
2013-05-25 07:45:32,0
2013-05-25 07:30:17,0
2013-05-25 03:32:45,0.5
2013-05-25 03:11:40,0
2013-05-25 03:09:28,-0.375
2013-05-25 03:01:52,0.875
2013-05-25 02:43:11,-0.5
2013-05-25 02:22:21,0.875
2013-05-25 02:12:31,-0.125
2013-05-25 02:03:13,-0.5
2013-05-25 01:54:24,-0.625
2013-05-25 01:52:15,0.875
2013-05-25 01:45:48,0.875
2013-05-25 01:41:56,0
2013-05-25 01:39:02,0.125
2013-05-25 01:34:20,0
2013-05-25 01:29:55,0.875
2013-05-25 01:25:57,0.25
2013-05-25 01:22:04,1.125
2013-05-25 01:16:08,0.375
2013-05-25 01:10:57,0.5
2013-05-25 01:05:25,0.5
2013-05-25 01:01:06,-0.25
2013-05-24 12:32:04,-1.25
2013-05-24 10:54:22,0
2013-05-24 07:04:59,-0.75
2013-05-24 05:02:38,-1
2013-05-24 04:46:25,0.125
2013-05-24 04:38:23,-1.5
2013-05-23 15:42:02,0.875
2013-05-23 15:36:20,0.625
2013-05-23 09:55:03,0.5
2013-05-22 21:45:55,0.25
2013-05-20 21:50:31,0
2013-05-20 21:45:10,0.375
2013-05-19 17:03:26,0.25
2013-05-19 17:02:33,0.25
2013-05-19 01:49:07,0.375
2013-05-18 23:46:47,0.25
2013-05-18 23:44:07,1
2013-05-15 09:06:42,0
2013-05-14 20:29:38,0.5
2013-05-14 18:21:36,0
2013-05-13 20:01:08,0.625
2013-05-13 19:33:46,0.375
2013-05-13 19:32:38,0
2013-05-13 19:31:56,0
2013-05-13 19:20:17,0
2013-05-13 19:19:34,1.25
2013-05-12 02:52:50,-0.125
2013-05-12 01:05:43,-0.625
2013-05-12 00:55:39,1
2013-05-12 00:53:04,0.25
2013-05-12 00:45:39,0
2013-05-12 00:44:53,1.125
2013-05-12 00:43:46,0.25
2013-05-12 00:32:04,0.75
2013-05-12 00:22:33,0.375
2013-05-12 00:12:55,0
2013-05-12 00:09:58,0.375
2013-05-09 15:26:09,0.5
2013-05-09 15:24:30,-0.375
2013-05-09 15:06:46,0.75
2013-05-09 00:58:49,0.375
2013-05-09 00:16:25,0
2013-05-08 23:54:46,-0.125
2013-05-08 23:06:16,0
2013-05-07 15:47:20,0.875
2013-05-07 15:42:59,-0.125
2013-05-07 15:40:49,0
2013-05-07 15:37:20,-0.375
2013-05-07 15:28:47,0
2013-05-06 19:28:02,1.75
2013-05-06 19:25:28,0.625
2013-05-06 19:13:07,1.25
2013-05-05 16:27:53,1
2013-05-05 03:20:17,0
2013-05-05 02:51:06,0.5
2013-05-05 02:21:47,0
2013-05-04 15:38:53,0.5
2013-05-04 15:37:59,0
2013-05-04 06:38:21,0.875
2013-05-04 06:37:16,0.5
2013-05-03 23:38:54,0.25
2013-05-03 20:55:52,0.375
2013-05-03 20:53:08,0.125
2013-05-03 20:47:24,2
2013-05-03 19:28:10,0.25
2013-05-03 19:06:04,0.875
2013-05-03 19:00:21,0
2013-05-03 18:55:36,-1.375
2013-05-03 18:52:58,0.625
2013-05-03 18:50:54,0.75
2013-05-03 18:24:48,-0.625
2013-05-03 16:55:22,0.5
2013-05-03 08:43:12,0.375
2013-05-03 08:41:24,0
2013-05-02 20:19:40,0.375
2013-05-02 20:17:29,-0.375
2013-05-02 18:01:42,0.25
2013-05-02 17:54:50,-0.25
2013-05-02 01:12:05,1
2013-05-02 01:08:07,0
2013-05-01 17:44:55,0
2013-05-01 17:03:29,0.25
2013-05-01 16:35:59,1.5
2013-05-01 16:32:49,0.25
2013-05-01 16:30:23,0
2013-05-01 16:29:59,0
2013-04-30 21:01:22,-0.25
2013-04-30 00:18:26,0.375
2013-04-28 05:54:33,0.75
2013-04-26 18:24:29,0
2013-04-26 01:25:30,0.875
2013-04-26 01:21:08,-0.625
2013-04-25 18:46:28,0
2013-04-25 18:45:45,1.125
2013-04-25 15:54:47,0.125
2013-04-25 15:46:15,0.25
2013-04-25 15:39:25,-0.75
2013-04-24 03:35:05,1.125
2013-04-24 02:16:21,0.625
2013-04-23 22:42:03,1.375
2013-04-23 15:52:51,0.25
2013-04-23 08:35:43,0
2013-04-23 03:07:30,-1.25
2013-04-23 02:16:50,0
2013-04-23 02:16:31,0
2013-04-23 01:36:48,0
2013-04-23 01:00:16,0.25
2013-04-22 02:07:10,0.375
2013-04-22 01:57:59,-0.375
2013-04-22 01:56:24,0
2013-04-21 23:42:21,1
2013-04-18 22:23:23,0.25
2013-04-18 20:57:20,-0.75
2013-04-17 17:30:26,-0.25
2013-04-17 05:05:09,0
2013-04-13 02:58:20,0
2013-04-11 18:30:31,0.5
2013-04-11 18:22:43,1.75
2013-04-11 18:05:43,0
2013-04-11 18:03:27,1
2013-04-11 02:11:40,0
2013-04-11 01:43:52,0
2013-04-10 14:07:49,0.625
2013-04-10 13:56:37,0.5
2013-04-09 19:43:37,0
2013-04-09 14:56:56,0.5
2013-04-09 01:51:06,0.625
2013-04-09 01:44:29,-0.75
2013-04-09 01:27:46,0.875
2013-04-09 01:11:04,-0.75
2013-04-09 01:01:00,-1.125
2013-04-09 00:54:22,-1
2013-04-09 00:43:28,0.75
2013-04-08 23:48:26,-0.25
2013-04-08 23:47:09,0.375
2013-04-08 23:41:56,-0.5
2013-04-08 19:22:02,0
2013-04-03 03:33:50,0
2013-04-03 00:04:53,0
2013-04-02 22:55:38,0.125
2013-04-02 22:54:06,-0.25
2013-04-02 21:02:15,1.5
2013-04-02 18:36:05,0
2013-04-02 18:28:23,0
2013-04-02 18:25:02,0
2013-04-02 17:49:11,0
2013-04-02 17:43:22,-0.25
2013-04-02 16:19:41,0.5
2013-04-02 16:11:45,0.375
2013-04-02 01:01:47,0.875
2013-04-02 00:53:24,0
2013-04-01 20:44:22,2
2013-04-01 20:19:54,-0.25
2013-04-01 05:00:35,-0.375
2013-04-01 04:51:03,0.875
2013-03-31 18:53:37,0.5
2013-03-31 00:54:44,0
2013-03-30 22:07:04,0.625
2013-03-30 21:59:48,1
2013-03-30 21:53:03,-0.25
2013-03-29 15:51:38,-0.25
2013-03-29 15:36:07,0.75
2013-03-29 15:30:08,-0.5
2013-03-29 15:27:30,0
2013-03-28 05:26:48,0
2013-03-26 16:59:55,0.125
2013-03-26 16:31:55,0.625
2013-03-26 16:30:49,0.625
2013-03-26 16:22:14,-0.625
2013-03-26 07:08:08,-0.625
2013-03-26 01:20:23,-0.25
2013-03-25 18:48:30,0.5
2013-03-25 16:44:29,0.375
2013-03-24 04:59:44,0
2013-03-24 04:57:40,0
2013-03-23 23:41:56,-0.25
2013-03-23 22:26:34,0.25
2013-03-23 22:15:45,0.5
2013-03-23 22:13:40,1.125
2013-03-23 22:00:39,-0.25
2013-03-23 21:12:48,1.125
2013-03-23 21:00:44,-0.375
2013-03-23 00:26:25,0
2013-03-23 00:04:01,0.5
2013-03-20 06:30:09,0
2013-03-20 01:00:37,0
2013-03-20 00:53:40,-0.375
2013-03-19 03:03:05,0.375
2013-03-17 18:32:54,-0.75
2013-03-17 18:20:24,0.75
2013-03-10 00:39:02,0
2013-03-09 22:28:52,0
2013-03-09 19:55:35,0.5
2013-03-09 03:44:37,-0.75
2013-03-08 17:27:21,-0.75
2013-03-08 15:38:34,0.875
2013-03-08 15:26:49,0.75
2013-03-08 15:20:02,0
2013-03-08 15:16:35,0.375
2013-03-08 14:44:48,-0.625
2013-03-08 14:37:27,0.375
2013-03-08 14:19:15,0
2013-03-08 14:03:12,0.25
2013-03-06 22:49:02,0
2013-03-03 15:40:46,0
2013-03-03 15:13:25,-0.25
2013-03-03 01:04:52,0
2013-03-02 20:58:29,0
2013-03-01 23:28:13,-0.625
2013-03-01 23:06:26,0
2013-03-01 22:16:48,-0.25
2013-03-01 21:04:13,-0.25
2013-03-01 19:57:04,-0.25
2013-03-01 17:01:42,0
2013-03-01 16:49:42,0
2013-03-01 16:38:27,0
2013-03-01 16:12:21,0.375
2013-03-01 16:04:58,0
2013-03-01 15:40:51,0
2013-03-01 15:32:26,0.875
2013-03-01 15:01:43,0.625
2013-03-01 14:49:17,0
2013-03-01 08:27:14,0
2013-03-01 05:29:16,0
2013-02-28 00:41:08,0
2013-02-27 03:51:40,0.125
2013-02-27 03:35:59,0.375
2013-02-27 02:28:55,0.375
2013-02-26 07:29:05,0.625
2013-02-26 00:08:07,-0.875
2013-02-25 09:25:00,-0.375
2013-02-23 04:31:10,0
2013-02-22 16:20:17,0
2013-02-21 06:48:55,0
2013-02-19 23:07:22,0
2013-02-18 19:25:03,0.25
2013-02-18 18:43:27,-0.875
2013-02-18 03:23:18,0
2013-02-17 20:48:17,0.25
2013-02-16 01:34:54,1
2013-02-15 19:07:18,0
2013-02-15 17:08:17,-0.25
2013-02-15 09:01:12,0.375
2013-02-15 08:05:56,1.625
2013-02-15 06:34:42,0
2013-02-15 06:34:16,0
2013-02-15 03:25:08,-0.25
2013-02-15 01:58:14,0.625
2013-02-14 22:17:45,0.25
2013-02-11 21:44:37,-0.25
2013-02-11 21:34:37,-0.5
2013-02-11 21:03:37,0.5
2013-02-11 20:27:16,-0.625
2013-02-11 19:47:10,-0.75
2013-02-11 19:44:06,-0.25
2013-02-11 19:41:29,0.5
2013-02-11 19:30:14,-0.5
2013-02-11 19:26:30,0.375
2013-02-10 17:58:01,0
2013-02-09 13:26:22,0.375
2013-02-08 19:24:24,0
2013-02-08 19:21:31,0
2013-02-08 07:22:00,0
2013-02-08 07:18:02,-0.25
2013-02-04 07:51:58,-0.625
2013-02-04 03:06:02,0.375
2013-02-04 02:12:06,0.625
2013-01-30 03:56:46,0.25
2013-01-26 13:31:52,0.375
2013-01-18 17:24:36,0.375
2013-01-15 23:54:48,-0.25
2013-01-10 17:27:35,2
2013-01-10 08:05:03,-0.625
2013-01-04 18:19:30,0.75
2013-01-04 03:09:39,0.5
2012-12-29 14:17:02,0
2012-12-29 14:16:03,0
2012-12-27 00:19:42,0.625
2012-12-25 22:37:56,0.25
2012-12-25 22:02:34,0
2012-12-24 02:44:12,-0.25
2012-12-24 02:32:20,0
2012-12-24 02:20:49,0.375
2012-12-24 02:12:11,-0.625
2012-12-19 23:29:54,0
2012-12-19 01:20:51,0.75
2012-12-17 18:20:08,1.5
2012-12-14 14:49:15,0
2012-12-14 14:44:20,0
2012-12-14 14:42:47,0.625
2012-12-14 14:21:17,-1.125
2012-12-14 13:57:53,-0.75
2012-12-12 20:06:11,0.25
2012-12-12 17:44:27,-1.25
2012-12-12 17:40:48,0.75
2012-12-12 17:35:07,-0.125
2012-12-12 17:27:15,0.75
2012-12-12 17:15:02,0.25
2012-12-12 17:12:05,0
2012-12-11 21:00:39,0.375
2012-12-11 02:54:30,0.375
2012-12-09 23:13:23,-0.5
2012-12-09 08:38:48,0.125
2012-12-05 05:20:41,0.25
2012-12-04 05:34:57,0.5
2012-12-04 04:40:56,1.125
2012-12-02 21:12:03,0.75
2012-11-29 10:00:15,0
2012-11-28 06:14:15,0.375
2012-11-28 01:19:37,1.375
2012-11-27 18:00:03,0.625
2012-11-27 17:55:32,-0.75
2012-11-27 17:48:23,0.25
2012-11-25 01:53:51,0.25
2012-11-24 00:07:43,0
2012-11-23 19:45:06,-0.375
2012-11-23 03:16:03,1.125
2012-11-22 20:49:55,0
2012-11-22 16:32:13,0.875
2012-11-22 15:55:04,0
2012-11-21 05:14:07,0
2012-11-21 03:01:08,0.375
2012-11-21 00:37:03,0.5
2012-11-20 19:32:50,0
2012-11-20 19:22:29,-0.375
2012-11-20 06:52:03,0.75
2012-11-20 06:38:31,0
2012-11-20 06:30:44,-0.25
2012-11-19 06:59:46,0.75
2012-11-16 15:59:47,0.375
2012-11-16 02:02:33,0
2012-11-16 01:25:08,0.625
2012-11-13 22:18:40,0
2012-11-13 04:33:57,0.25
2012-11-13 01:41:18,0
2012-11-12 08:39:13,0.75
2012-11-07 21:46:38,0.125
2012-11-06 06:52:11,0
2012-11-03 20:51:36,0
2012-11-03 20:42:22,0
2012-11-01 15:51:02,0
2012-10-30 23:56:23,0
2012-10-28 17:38:24,-0.375
2012-10-28 17:25:15,0
2012-10-28 02:04:08,0.625
2012-10-28 01:53:32,0.625
2012-10-28 01:31:22,0.5
2012-10-22 20:19:24,0.25
2012-10-20 05:33:45,-0.375
2012-10-11 22:59:26,0.375
2012-10-11 19:40:46,0
2012-10-10 15:31:29,0
2012-10-09 19:25:18,-0.25
2012-10-08 00:50:33,0
2012-10-07 20:45:44,-1.25
2012-10-04 02:31:38,0.25
2012-10-03 00:29:28,0
2012-10-02 23:49:35,0
2012-10-01 20:39:28,0
2012-10-01 17:50:08,0.375
2012-09-30 22:01:54,-0.125
2012-09-25 04:34:04,0.25
2012-09-24 17:53:03,0
2012-09-23 04:49:40,0
2012-09-22 00:36:50,0.375
2012-09-19 23:31:27,0.25
2012-09-17 01:40:23,0
2012-09-14 01:27:09,-0.5
2012-09-13 20:58:05,0
2012-09-11 19:33:09,0
2012-09-06 20:00:47,0
2012-08-29 20:30:20,0.75
2012-08-29 01:23:09,0.625
2012-08-27 19:51:07,0.75
2012-08-27 19:41:50,0.75
2012-08-27 19:39:47,-0.375
2012-08-25 20:39:03,1.25
2012-08-22 16:14:31,0.625
2012-08-22 16:11:24,0.25
2012-08-13 21:47:27,0.25
2012-08-06 06:45:18,0
2012-08-04 22:58:57,0.5
2012-08-04 00:23:11,2.25
2012-08-03 22:32:27,0.5
2012-08-03 18:04:47,0
2012-08-03 17:38:43,0.625
2012-08-03 02:11:15,1.375
2012-08-01 03:37:27,-0.5
2012-08-01 02:54:50,-0.125
2012-08-01 02:32:59,0.25
2012-08-01 02:30:53,1.5
2012-08-01 02:17:45,0.875
2012-08-01 02:12:24,-0.625
2012-07-31 22:08:59,0.875
2012-07-31 22:05:26,-0.25
2012-07-31 21:57:37,0.875
2012-07-31 21:49:44,0
2012-07-31 03:19:34,-0.75
2012-07-31 03:13:36,0.5
2012-07-27 20:40:28,1.25
2012-07-27 17:47:44,0
2012-07-27 03:38:47,0.5
2012-07-27 03:33:35,1.25
2012-07-27 03:15:29,0.125
2012-07-27 02:26:31,0.5
2012-07-27 01:13:28,-1.25
2012-07-25 17:02:39,0
2012-07-23 06:48:09,-0.375
2012-07-23 06:39:10,-0.625
2012-07-23 05:52:59,-0.625
2012-07-22 10:48:49,0
2012-07-21 17:09:04,1.125
2012-07-21 16:27:01,-0.375
2012-07-21 15:40:07,0.625
2012-07-18 18:35:39,0.375
2012-07-17 11:16:22,0
2012-07-15 07:34:14,-0.125
2012-07-15 07:30:06,-0.5
2012-07-14 05:01:46,0.375
2012-07-12 14:57:32,-0.5
2012-07-12 14:50:49,0.375
2012-07-07 07:17:10,0.375
2012-07-05 10:19:25,-1.25
2012-07-05 07:41:16,0
2012-07-01 03:27:27,1.625
2012-07-01 03:08:36,0
2012-06-30 02:45:18,0.875
2012-06-30 02:05:08,0
2012-06-28 14:59:35,0
2012-06-27 14:43:04,0
2012-06-27 14:00:13,0.125
2012-06-27 13:33:51,0
2012-06-27 13:31:37,-0.5
2012-06-22 22:18:45,0
2012-06-22 22:16:33,0
2012-06-20 16:16:50,0
2012-06-18 21:27:46,0
2012-06-18 08:31:06,0
2012-06-16 14:47:12,-0.625
2012-06-14 07:54:02,-0.125
2012-06-14 07:26:23,-0.375
2012-06-05 17:16:33,0.375
2012-05-31 21:09:28,-0.625
2012-05-31 15:48:16,0
2012-05-31 14:31:25,-0.375
2012-05-31 14:21:33,-0.375
2012-05-25 20:23:00,0
2012-05-25 15:41:31,0.75
2012-05-24 18:15:19,0.75
2012-05-24 17:34:28,0.5
2012-05-24 16:04:39,0
2012-05-24 16:02:31,0.5
2012-05-24 16:02:08,-0.375
2012-05-24 06:23:53,-0.25
2012-05-24 03:35:55,0.625
2012-05-23 15:09:40,-0.5
2012-05-22 12:27:20,0
2012-05-22 10:38:25,0
2012-05-22 10:31:20,0
2012-05-22 08:56:05,0.75
2012-05-22 08:52:56,0.5
2012-05-22 08:04:05,0.375
2012-05-22 07:43:41,0
2012-05-22 07:34:32,0
2012-05-22 03:05:10,0
2012-05-20 23:44:11,0
2012-05-20 23:13:34,0
2012-05-19 09:06:31,0.25
2012-05-19 08:15:48,-0.375
2012-05-14 02:07:17,-0.125
2012-05-11 00:58:31,0.125
2012-05-11 00:55:26,0.625
2012-05-11 00:47:27,0.25
2012-05-10 16:24:47,-0.875
2012-05-09 23:54:36,-0.25
2012-05-08 05:45:09,-0.5
2012-05-05 01:05:36,0
2012-05-05 00:59:37,1.125
2012-05-03 18:27:19,1.5
2012-05-03 18:22:41,0
2012-05-03 18:15:01,0
2012-04-30 20:22:34,0.875
2012-04-30 20:10:22,0
2012-04-30 19:45:25,0.375
2012-04-30 17:18:31,0.375
2012-04-30 15:30:50,-0.25
2012-04-24 20:17:02,0
2012-04-23 20:56:54,0
2012-04-23 20:55:21,0.875
2012-04-23 04:02:38,0
2012-04-22 00:14:01,0
2012-04-21 08:28:51,0.5
2012-04-19 20:47:21,1.125
2012-04-19 20:39:12,0
2012-04-19 06:40:40,0.5
2012-04-18 19:48:14,0.625
2012-04-14 22:52:27,0
2012-04-14 03:31:42,0.375
2012-04-11 00:20:22,0.625
2012-04-09 19:50:03,0.875
2012-04-09 02:04:53,0.625
2012-04-09 02:01:15,0
2012-04-05 23:35:14,0.625
2012-04-05 17:21:45,-0.375
2012-04-04 01:58:25,0.25
2012-04-03 09:16:42,0.875
2012-04-03 08:45:18,-0.375
2012-04-01 18:44:24,0.625
2012-03-31 17:43:06,0.375
2012-03-31 16:42:30,1.75
2012-03-28 00:32:07,0.625
2012-03-22 07:10:10,0.5
2012-03-20 21:05:26,2
2012-03-19 23:16:16,-0.125
2012-03-19 23:15:53,-0.75
2012-03-15 09:37:28,0.5
2012-03-15 01:36:58,0
2012-03-14 23:06:03,0
2012-03-13 07:27:14,-0.625
2012-03-12 06:45:14,-1
2012-03-11 16:21:59,2.125
2012-03-11 15:31:43,0.75
2012-03-07 01:52:14,0.25
2012-03-04 05:45:34,0
2012-03-02 00:29:56,0
2012-02-29 07:02:03,0.25
2012-02-29 03:38:39,0.625
2012-02-28 22:25:50,0.25
2012-02-25 22:17:04,0
2012-02-25 22:04:41,0.625
2012-02-25 18:36:12,0
2012-02-23 22:59:38,0
2012-02-22 00:57:28,0
2012-02-21 16:27:16,-0.375
2012-02-17 00:51:21,0
2012-02-14 01:32:06,0
2012-02-13 17:18:26,-0.25
2012-02-12 20:37:52,0.375
2012-02-10 19:54:59,-0.875
2012-02-10 19:38:00,0.25
2012-02-10 17:23:17,0
2012-02-10 16:51:47,0
2012-02-09 20:00:42,0
2012-02-09 16:37:45,0.625
2012-02-08 21:21:28,0
2012-02-08 19:13:44,0
2012-02-08 04:40:20,-0.125
2012-02-08 04:35:43,0
2012-02-07 07:13:16,-0.375
2012-02-06 01:44:18,0
2012-02-06 01:33:43,0
2012-02-05 20:07:16,0
2012-02-04 20:42:54,0.25
2012-02-04 02:28:24,0.25
2012-02-02 17:00:34,0.625
2012-02-01 16:03:05,0
2012-02-01 09:12:24,-0.25
2012-01-31 16:49:58,1.5
2012-01-28 19:54:40,0
2012-01-28 02:21:03,0.75
2012-01-27 20:35:04,0.375
2012-01-24 04:16:39,0
2012-01-24 04:03:10,0.25
2012-01-24 03:04:49,-0.75
2012-01-23 01:42:54,0.625
2012-01-22 00:44:23,0
2012-01-21 23:02:59,0
2012-01-18 01:54:53,0.25
2012-01-17 22:07:50,-0.125
2012-01-17 17:47:19,1.125
2012-01-17 17:44:57,0.75
2012-01-14 20:29:34,-0.25
2012-01-14 20:27:41,0
2012-01-13 05:49:17,0.375
2012-01-12 23:07:42,-0.25
2012-01-12 21:07:59,0
2012-01-12 02:47:48,-1.125
2012-01-11 02:36:39,0.875
2012-01-06 20:09:40,-0.125
2012-01-06 17:30:01,-0.625
2012-01-06 17:28:01,-0.375
2012-01-03 21:28:25,-0.5
2012-01-03 21:04:51,0.5
2012-01-03 06:58:13,1.5
2012-01-01 21:52:44,0.875
2012-01-01 20:49:05,0
2012-01-01 20:41:34,0.375
2012-01-01 20:33:16,0.25
2012-01-01 16:54:27,0
2012-01-01 16:49:40,0
2012-01-01 16:40:27,0
2011-12-31 22:08:42,0.125
2011-12-31 22:05:47,0.5
2011-12-31 13:06:23,-0.625
2011-12-30 15:35:47,0
2011-12-30 14:48:52,0.5
2011-12-30 14:36:17,0.375
2011-12-30 04:57:23,2.5
2011-12-30 04:10:31,-0.75
2011-12-30 04:03:42,1.25
2011-12-30 03:58:30,0.75
2011-12-30 03:53:51,1.5
2011-12-29 22:45:17,0.5
2011-12-29 22:31:09,1.625
2011-12-29 14:22:15,0.75
2011-12-29 09:12:01,1.375
2011-12-29 08:56:23,-0.25
2011-12-28 22:29:48,0
2011-12-28 22:27:08,0.5
2011-12-27 23:38:55,2.125
2011-12-27 19:54:15,0
2011-12-26 16:29:50,0
2011-12-26 16:23:04,0
2011-12-26 15:45:18,0
2011-12-26 15:23:40,-0.75
2011-12-26 15:05:19,0
2011-12-26 04:06:06,0
2011-12-24 01:41:33,0.5
2011-12-24 01:33:35,0.75
2011-12-24 01:29:19,0
2011-12-22 11:30:10,-0.75
2011-12-22 09:46:16,0.75
2011-12-22 03:12:52,-0.25
2011-12-21 23:17:11,0.875
2011-12-21 11:13:59,1
2011-12-21 11:00:19,1
2011-12-21 10:48:29,0
2011-12-21 10:42:52,0
2011-12-21 10:30:05,1.75
2011-12-21 10:26:51,0.375
2011-12-04 03:33:52,0
2011-12-03 08:22:07,-0.625
2011-12-03 08:20:28,0.875
2011-12-01 10:29:04,0.875
2011-12-01 09:55:11,-0.5
2010-06-04 18:31:57,-0.125
