"date","close","volume","open","high","low"
"14:03","15.99","1,133,418","15.91","16.13","15.57"
"2018/10/01","16.1700","2083435.0000","17.1100","17.7800","16.0200"
"2018/09/28","17.2200","2699763.0000","17.0500","17.9300","16.9000"
"2018/09/27","17.1200","2020553.0000","17.6400","17.9400","16.8600"
"2018/09/26","17.5600","2781059.0000","17.2200","18.0500","16.9100"
"2018/09/25","17.2900","4497145.0000","18.3200","19.2100","16.8100"
"2018/09/24","19.0700","19521200.0000","15.9900","19.9400","15.7700"
"2018/09/21","14.5000","2411086.0000","14.5300","14.7700","14.4000"
"2018/09/20","14.5300","817237.0000","14.4300","14.6200","14.2000"
"2018/09/19","14.3500","853800.0000","14.2200","14.4500","13.9200"
"2018/09/18","14.2500","747768.0000","14.0500","14.4000","13.9600"
"2018/09/17","13.9700","657139.0000","14.2500","14.3265","13.8100"
"2018/09/14","14.3100","690403.0000","14.5200","14.7200","14.2900"
"2018/09/13","14.5600","511215.0000","14.6900","14.8150","14.4100"
"2018/09/12","14.6100","531382.0000","14.5700","14.7000","14.3300"
"2018/09/11","14.5600","706761.0000","14.0900","14.6500","13.8816"
"2018/09/10","14.1100","720690.0000","13.6600","14.1400","13.5100"
"2018/09/07","13.6500","837090.0000","13.8000","14.1600","13.5700"
"2018/09/06","13.8800","910680.0000","14.7700","14.9400","13.8600"
"2018/09/05","14.7900","684723.0000","14.7500","15.1600","14.6200"
"2018/09/04","15.0900","943880.0000","15.4100","15.5300","14.6600"
"2018/08/31","15.3800","533407.0000","15.1600","15.3900","15.1300"
"2018/08/30","15.2200","692708.0000","15.5500","15.7600","15.1400"
"2018/08/29","15.6500","779047.0000","15.6800","15.9700","15.5000"
"2018/08/28","15.6000","667877.0000","15.2800","15.7400","15.2000"
"2018/08/27","15.3200","747848.0000","15.2100","15.4899","15.0700"
"2018/08/24","15.1600","712515.0000","15.0200","15.4100","14.9000"
"2018/08/23","14.9700","734310.0000","14.9300","15.1400","14.7000"
"2018/08/22","14.9900","772063.0000","14.8400","15.1250","14.8100"
"2018/08/21","14.8300","730025.0000","14.6200","15.0500","14.5430"
"2018/08/20","14.5000","644896.0000","14.4800","14.5700","14.2500"
"2018/08/17","14.3600","624394.0000","14.2000","14.4900","14.0700"
"2018/08/16","14.2000","950597.0000","13.7800","14.2450","13.4200"
"2018/08/15","13.7400","1114721.0000","14.1000","14.1939","13.5900"
"2018/08/14","14.1900","719123.0000","14.1000","14.3700","13.9600"
"2018/08/13","14.1000","1568719.0000","14.9600","14.9600","13.9700"
"2018/08/10","15.0500","3024986.0000","14.0000","15.3300","13.4000"
"2018/08/09","15.3900","1576938.0000","15.3900","16.1300","15.2700"
"2018/08/08","15.2700","795918.0000","15.6100","15.6700","14.9400"
"2018/08/07","15.5900","1255459.0000","14.5900","15.7277","14.3300"
"2018/08/06","14.5900","711399.0000","14.8000","15.0150","14.4900"
"2018/08/03","14.7200","707697.0000","14.7600","15.0100","14.5700"
"2018/08/02","14.8200","541711.0000","14.4800","14.8800","14.4000"
"2018/08/01","14.5800","844769.0000","14.6700","14.9000","14.4633"
"2018/07/31","14.6600","870150.0000","14.0200","14.7000","13.9800"
"2018/07/30","14.0100","1007363.0000","13.7900","14.2500","13.5900"
"2018/07/27","13.7900","1564855.0000","14.6300","14.6500","13.7300"
"2018/07/26","14.6400","1408877.0000","13.9800","14.8000","13.8000"
"2018/07/25","13.9900","851058.0000","13.9100","14.3000","13.8100"
"2018/07/24","13.9700","1364262.0000","14.7200","14.7300","13.8601"
"2018/07/23","14.6100","887294.0000","14.7200","14.8600","14.2000"
"2018/07/20","14.7500","2420881.0000","14.6900","15.0000","14.6000"
"2018/07/19","14.6700","1079004.0000","14.3100","14.8700","14.2500"
"2018/07/18","14.3500","1047307.0000","14.5400","14.7500","14.3000"
"2018/07/17","14.6400","988983.0000","14.5100","14.9100","14.5100"
"2018/07/16","14.5600","1484388.0000","14.3200","15.2700","14.1300"
"2018/07/13","15.3800","807000.0000","15.3000","15.6600","15.1800"
"2018/07/12","15.2900","976021.0000","14.9200","15.3300","14.5100"
"2018/07/11","14.8700","887875.0000","15.0900","15.1900","14.7700"
"2018/07/10","15.3000","1187401.0000","14.9700","15.3500","14.8700"
"2018/07/09","14.9800","1487015.0000","15.0100","15.1100","14.6800"
"2018/07/06","14.5600","1093256.0000","14.1600","14.8800","14.0900"
"2018/07/05","14.1500","1512984.0000","14.3000","14.4000","13.9800"
"2018/07/03","14.2900","695301.0000","13.8000","14.3800","13.7700"
"2018/07/02","13.7700","1365801.0000","13.6100","14.0800","13.2000"
"2018/06/29","13.9400","9847263.0000","13.8000","14.8600","13.6200"
"2018/06/28","13.3700","1866120.0000","12.7900","13.5800","12.7900"
"2018/06/27","13.2600","1579261.0000","14.1500","14.1500","13.2000"
"2018/06/26","14.1500","984943.0000","14.2800","14.3900","14.0100"
"2018/06/25","14.2600","2827267.0000","15.3900","15.3999","13.9301"
"2018/06/22","15.5100","8274237.0000","15.7500","15.7996","14.9950"
"2018/06/21","15.7300","1202212.0000","16.9000","17.0000","15.6500"
"2018/06/20","17.0000","966099.0000","17.2400","17.2800","16.4900"
"2018/06/19","16.9900","1219590.0000","16.2900","17.1400","16.2800"
"2018/06/18","16.4600","1085701.0000","16.0900","16.5300","15.4900"
"2018/06/15","16.1500","1615070.0000","16.5000","16.6000","15.7800"
"2018/06/14","16.5700","845878.0000","17.0700","17.1200","16.5100"
"2018/06/13","16.9700","579123.0000","17.2700","17.3753","16.9350"
"2018/06/12","17.2200","792932.0000","17.1600","17.5998","17.0500"
"2018/06/11","17.0600","750345.0000","16.9200","17.2000","16.7600"
"2018/06/08","16.8800","572484.0000","16.8600","17.1500","16.8200"
"2018/06/07","16.9200","397866.0000","16.9700","17.0900","16.8000"
"2018/06/06","16.9700","575413.0000","16.9250","17.1000","16.7800"
"2018/06/05","16.9000","701526.0000","16.9200","17.0200","16.6550"
"2018/06/04","17.0000","825830.0000","16.5700","17.0000","16.4800"
"2018/06/01","16.5100","1063273.0000","16.6400","16.7600","16.2200"
"2018/05/31","16.5800","1061219.0000","16.0200","16.6700","16.0200"
"2018/05/30","16.1100","1193449.0000","15.5100","16.3000","15.4600"
"2018/05/29","15.4100","1003849.0000","15.5300","15.9000","15.1900"
"2018/05/25","15.6600","643623.0000","15.3500","15.8000","15.3100"
"2018/05/24","15.5000","762668.0000","15.5100","15.9800","15.4000"
"2018/05/23","15.6000","729408.0000","15.3600","15.6700","15.3000"
"2018/05/22","15.5100","773928.0000","15.4500","15.6799","15.3100"
"2018/05/21","15.4800","858867.0000","15.8300","16.0300","15.4300"
"2018/05/18","15.7900","969282.0000","15.8400","16.0000","15.6800"
"2018/05/17","15.9500","1120998.0000","15.9200","16.1694","15.6900"
"2018/05/16","16.1100","1644265.0000","16.2000","16.2200","15.5200"
"2018/05/15","16.2000","1734889.0000","15.4400","16.3900","15.4400"
"2018/05/14","15.4500","1857461.0000","14.8000","15.6800","14.7500"
"2018/05/11","14.9800","5273957.0000","17.1300","17.1300","14.6301"
"2018/05/10","18.6400","1464192.0000","18.6100","19.1900","18.5200"
"2018/05/09","18.6200","911299.0000","18.3900","18.7390","18.3200"
"2018/05/08","18.3300","580573.0000","18.2800","18.4800","18.0500"
"2018/05/07","18.3100","762584.0000","18.0000","18.4100","17.9400"
"2018/05/04","17.8800","774488.0000","17.9000","18.0572","17.6200"
"2018/05/03","17.9300","799242.0000","18.2800","18.4900","17.6000"
"2018/05/02","18.3000","546334.0000","18.1800","18.6000","18.0300"
"2018/05/01","18.3200","651957.0000","18.2200","18.4400","17.5600"
"2018/04/30","18.1800","961554.0000","18.7900","19.1100","18.0500"
"2018/04/27","18.7500","888541.0000","18.2700","18.9600","18.0900"
"2018/04/26","18.0800","1066084.0000","18.0600","18.6500","17.8300"
"2018/04/25","18.0200","749452.0000","17.9000","18.2300","17.4600"
"2018/04/24","17.8600","848347.0000","18.0000","18.4400","17.4500"
"2018/04/23","18.0000","1131339.0000","17.9700","18.7200","17.8000"
"2018/04/20","17.9400","3058992.0000","18.1200","18.2900","17.8310"
"2018/04/19","18.0800","1248139.0000","18.7900","18.9100","17.9600"
"2018/04/18","18.8700","1057289.0000","19.1600","19.3000","18.4230"
"2018/04/17","19.1500","970126.0000","18.9800","19.3200","18.7500"
"2018/04/16","18.8600","1285988.0000","20.1300","20.1300","18.6700"
"2018/04/13","19.6200","1598306.0000","19.9100","20.1600","19.0800"
"2018/04/12","19.8700","1856853.0000","19.1000","19.9000","18.8110"
"2018/04/11","19.0600","1621777.0000","18.0200","19.1801","17.9200"
"2018/04/10","18.1500","1284080.0000","17.6600","18.2500","17.4900"
"2018/04/09","17.3900","918228.0000","17.5000","17.6200","17.1200"
"2018/04/06","17.1000","1088753.0000","17.1400","17.7600","16.9000"
"2018/04/05","17.2900","1280877.0000","17.0100","17.3500","16.6500"
"2018/04/04","16.9100","1653108.0000","15.7800","17.0900","15.6100"
"2018/04/03","16.1600","2112009.0000","15.2100","16.5400","15.1610"
"2018/04/02","15.0900","1379091.0000","15.2000","15.4000","14.9000"
"2018/03/29","15.3300","1382799.0000","15.9600","16.1450","15.1000"
"2018/03/28","15.8200","906527.0000","16.1100","16.2690","15.7200"
"2018/03/27","16.0300","1096368.0000","16.7100","16.8500","15.9500"
"2018/03/26","16.6600","1064064.0000","16.1600","16.8000","15.8400"
"2018/03/23","15.8000","1236095.0000","16.2600","16.2900","15.6700"
"2018/03/22","16.3100","993767.0000","16.3000","16.8700","16.0500"
"2018/03/21","16.5600","1048853.0000","15.9000","16.6800","15.9000"
"2018/03/20","15.9000","1373065.0000","17.0300","17.2000","15.7700"
"2018/03/19","17.0600","2061406.0000","17.1000","17.6700","16.8000"
"2018/03/16","17.1000","1321690.0000","16.8300","17.3200","16.6600"
"2018/03/15","16.8400","1334888.0000","16.8200","17.0800","16.6800"
"2018/03/14","16.7800","1141751.0000","16.6700","17.1400","16.4700"
"2018/03/13","16.6600","1651227.0000","16.9300","17.4900","16.5200"
"2018/03/12","16.8400","1775007.0000","16.9100","17.0000","16.0700"
"2018/03/09","16.7500","2420117.0000","15.9300","16.9200","15.6800"
"2018/03/08","15.8200","1778961.0000","15.9100","16.0900","14.9100"
"2018/03/07","15.8600","1681875.0000","15.4500","16.1000","15.4496"
"2018/03/06","15.7400","1343870.0000","15.6500","15.9200","15.3500"
"2018/03/05","15.5800","3158765.0000","16.0000","16.7500","14.8800"
"2018/03/02","16.0900","6193036.0000","13.2800","16.3300","13.1000"
"2018/03/01","12.9000","1097489.0000","13.1300","13.2490","12.6200"
"2018/02/28","13.0200","1081715.0000","13.0700","13.3800","12.8700"
"2018/02/27","13.0700","1038521.0000","13.1000","13.4200","12.8600"
"2018/02/26","13.1700","806926.0000","13.3500","13.3600","12.7600"
"2018/02/23","13.2900","1013515.0000","12.8500","13.3300","12.6200"
"2018/02/22","12.7700","1022525.0000","12.9600","13.4500","12.6900"
"2018/02/21","12.8500","929624.0000","12.8900","13.3500","12.8400"
"2018/02/20","12.8400","857979.0000","13.1200","13.3400","12.7600"
"2018/02/16","13.2500","752712.0000","13.5500","13.6499","13.1750"
"2018/02/15","13.6200","1113104.0000","13.5800","13.9800","13.3600"
"2018/02/14","13.4600","1275554.0000","12.9300","13.6338","12.8858"
"2018/02/13","13.1000","1001984.0000","12.4300","13.2000","12.3300"
"2018/02/12","12.6500","901353.0000","12.5000","12.8200","12.2192"
"2018/02/09","12.3700","2397279.0000","12.7600","12.8600","11.8748"
"2018/02/08","12.6000","1661817.0000","13.2000","13.8200","12.6000"
"2018/02/07","13.5800","2038331.0000","12.7900","13.8300","12.7000"
"2018/02/06","13.0200","1847028.0000","11.7900","13.1500","11.6550"
"2018/02/05","12.0100","1916395.0000","12.5500","13.0300","12.0000"
"2018/02/02","12.7000","1475880.0000","13.0300","13.2050","12.6900"
"2018/02/01","13.2100","1554749.0000","12.9600","13.2800","12.7700"
"2018/01/31","13.0000","1695868.0000","13.4600","13.6300","12.9000"
"2018/01/30","13.2900","1920210.0000","13.8500","14.2000","13.2700"
"2018/01/29","14.0900","1691661.0000","14.2300","14.7800","14.0400"
"2018/01/26","14.3600","1550145.0000","14.8100","14.9150","14.1510"
"2018/01/25","14.6800","2636741.0000","13.9700","14.9900","13.9700"
"2018/01/24","13.9300","1702924.0000","14.0900","14.4400","13.6650"
"2018/01/23","14.1400","2427141.0000","13.9600","14.2000","13.6100"
"2018/01/22","13.6600","4041313.0000","13.1900","14.5400","13.1511"
"2018/01/19","13.0000","5714894.0000","13.6500","13.6700","12.6000"
"2018/01/18","13.6300","2139504.0000","14.7500","14.7800","13.5400"
"2018/01/17","14.2500","4258882.0000","13.3500","14.5100","13.1900"
"2018/01/16","13.7700","2981199.0000","15.0000","15.3200","13.5600"
"2018/01/12","14.7100","2546439.0000","13.2100","15.0100","13.2100"
"2018/01/11","13.2200","1421281.0000","13.3600","13.4900","13.0500"
"2018/01/10","13.4000","2210429.0000","13.5700","13.8800","13.1800"
"2018/01/09","13.6800","2503650.0000","12.6400","13.8100","12.5363"
"2018/01/08","12.7200","1775880.0000","13.1500","13.1999","12.2300"
"2018/01/05","13.1500","1734804.0000","13.1800","13.3999","12.5400"
"2018/01/04","12.8900","2374351.0000","13.9800","14.0300","12.6900"
"2018/01/03","14.0800","2897019.0000","13.5200","14.2700","13.5000"
"2018/01/02","13.4700","3847861.0000","11.7700","13.4900","11.6800"
"2017/12/29","11.5200","1924858.0000","11.3300","11.9200","11.1100"
"2017/12/28","11.3300","1524495.0000","11.5100","11.6400","11.1700"
"2017/12/27","11.6100","1187934.0000","11.4500","11.9800","11.3200"
"2017/12/26","11.4800","1241105.0000","11.4500","11.8300","11.3800"
"2017/12/22","11.7000","1475093.0000","12.0000","12.0700","11.5100"
"2017/12/21","11.9800","1087202.0000","11.9900","12.1400","11.8300"
"2017/12/20","11.9900","1165862.0000","11.9000","12.2900","11.5800"
"2017/12/19","11.9600","1485794.0000","12.1700","12.3650","11.8200"
"2017/12/18","12.3200","1401102.0000","12.7300","12.7400","12.2200"
"2017/12/15","12.6400","2033132.0000","12.4000","12.6900","12.1500"
"2017/12/14","12.3400","1395346.0000","13.2000","13.3400","12.2000"
"2017/12/13","13.1900","970771.0000","12.7200","13.4100","12.6900"
"2017/12/12","12.7300","1029782.0000","12.9900","13.2000","12.6300"
"2017/12/11","12.9900","986322.0000","13.2700","13.6000","12.9500"
"2017/12/08","13.2800","783809.0000","13.3300","13.4300","13.1000"
"2017/12/07","13.1200","956712.0000","12.6400","13.1700","12.4600"
"2017/12/06","12.6400","948356.0000","12.9400","13.1100","12.4500"
"2017/12/05","12.9400","904708.0000","13.5300","13.8900","12.9101"
"2017/12/04","13.4200","1315149.0000","13.7700","14.1000","13.3700"
"2017/12/01","13.5500","1136265.0000","13.5400","14.0100","13.2301"
"2017/11/30","13.6400","1468989.0000","13.6000","14.0100","13.4800"
"2017/11/29","13.5400","1463063.0000","12.9800","13.7859","12.8000"
"2017/11/28","12.9400","1077052.0000","12.9000","12.9750","12.5800"
"2017/11/27","13.0400","968855.0000","13.0500","13.4547","12.8700"
"2017/11/24","13.0500","697209.0000","13.5100","13.5490","12.9000"
"2017/11/22","13.3400","2727351.0000","12.3700","14.0900","12.3400"
"2017/11/21","12.3700","997952.0000","12.4700","12.5500","12.2200"
"2017/11/20","12.5000","1316616.0000","12.9200","13.1800","12.3100"
"2017/11/17","12.8500","1593652.0000","13.5100","13.6700","12.5900"
"2017/11/16","13.6200","2971409.0000","12.9300","13.8700","12.8000"
"2017/11/15","12.6500","2328225.0000","12.4700","12.8200","11.9000"
"2017/11/14","12.6800","2820710.0000","12.4700","12.6900","11.6200"
"2017/11/13","12.5800","7219154.0000","11.6300","12.8400","10.2550"
"2017/11/10","11.8100","8785831.0000","15.0400","15.4100","11.8000"
"2017/11/09","15.8800","892574.0000","15.8000","16.2200","15.5500"
"2017/11/08","15.8000","959685.0000","15.5700","15.9300","15.4000"
"2017/11/07","15.5700","711181.0000","15.9800","16.1200","15.5400"
"2017/11/06","15.9400","593086.0000","16.4300","16.5000","15.9400"
"2017/11/03","16.4300","803290.0000","15.7900","16.4500","15.6823"
"2017/11/02","15.8300","993796.0000","15.9300","16.2900","15.6200"
"2017/11/01","15.8900","1414314.0000","16.4500","16.6400","15.7100"
"2017/10/31","16.3500","900672.0000","16.6800","16.8000","16.2275"
"2017/10/30","16.5800","1033448.0000","16.8800","17.2100","16.4500"
"2017/10/27","16.8900","1056801.0000","16.3200","16.9100","16.1900"
"2017/10/26","16.3000","1234426.0000","16.3700","16.6100","16.1100"
"2017/10/25","16.7500","1274131.0000","17.0500","17.1699","16.2800"
"2017/10/24","17.0700","1253968.0000","17.4100","17.6200","17.0100"
"2017/10/23","17.3700","1067887.0000","17.9000","18.1100","17.3400"
"2017/10/20","17.8800","1592644.0000","18.2300","18.3350","17.7500"
"2017/10/19","18.2200","932561.0000","18.2000","18.6500","17.9800"
"2017/10/18","18.2400","1152741.0000","18.1000","18.7300","17.9600"
"2017/10/17","17.9900","735110.0000","17.8100","18.1900","17.7700"
"2017/10/16","17.9400","702546.0000","18.0500","18.2500","17.7500"
"2017/10/13","17.9900","592234.0000","18.0700","18.3300","17.9500"
"2017/10/12","18.1100","1068499.0000","17.9500","18.3100","17.7500"
"2017/10/11","17.9700","1442482.0000","18.6700","19.0499","17.9220"
"2017/10/10","18.8000","670878.0000","18.9200","19.2000","18.7618"
"2017/10/09","18.8800","827149.0000","19.0800","19.2600","18.6000"
"2017/10/06","19.1700","1150135.0000","20.2800","20.3500","19.1100"
"2017/10/05","20.3900","1023058.0000","19.9400","20.4900","19.6000"
"2017/10/04","19.8200","782808.0000","19.3800","19.8800","19.3300"
"2017/10/03","19.4700","474760.0000","19.4300","19.5000","19.2100"
"2017/10/02","19.4100","828732.0000","19.0700","19.5800","18.9600"
"2017/09/29","19.0100","826149.0000","18.8700","19.3000","18.6600"
"2017/09/28","18.8200","626627.0000","19.0500","19.2300","18.7500"
"2017/09/27","19.0100","785113.0000","18.6800","19.3500","18.6600"
"2017/09/26","18.6900","527246.0000","18.9400","18.9400","18.4000"
"2017/09/25","18.7000","908751.0000","18.6600","19.0600","18.5500"
"2017/09/22","18.7500","502714.0000","18.6600","18.9200","18.5200"
"2017/09/21","18.7500","568386.0000","18.9100","19.0400","18.5600"
"2017/09/20","18.8900","696285.0000","18.7900","19.1900","18.6500"
"2017/09/19","18.8100","923812.0000","19.4800","19.4900","18.7150"
"2017/09/18","19.4700","673895.0000","19.3700","19.7000","19.3600"
"2017/09/15","19.3700","1527015.0000","18.9200","19.4700","18.8500"
"2017/09/14","18.8900","1196580.0000","19.8200","19.8200","18.6100"
"2017/09/13","19.8300","803822.0000","19.6900","20.0200","19.4500"
"2017/09/12","19.8100","572475.0000","19.9100","20.0700","19.5900"
"2017/09/11","19.8500","612637.0000","20.0700","20.2500","19.6400"
"2017/09/08","19.8500","490716.0000","19.8000","20.2500","19.7500"
"2017/09/07","19.8200","573926.0000","19.9000","20.1000","19.5500"
"2017/09/06","19.9600","660294.0000","20.1800","20.3555","19.6701"
"2017/09/05","20.0400","907738.0000","20.0000","20.4700","19.5000"
"2017/09/01","20.1700","1296477.0000","19.6500","20.6700","19.6150"
"2017/08/31","19.7300","1036525.0000","19.1800","19.9900","19.0500"
"2017/08/30","19.1700","1006197.0000","19.0100","19.2900","18.7100"
"2017/08/29","19.0400","1571804.0000","17.7500","19.3700","17.6700"
"2017/08/28","18.1100","1172736.0000","18.0200","18.2700","17.7700"
"2017/08/25","17.7300","1155098.0000","18.6700","18.7490","17.6900"
"2017/08/24","18.6700","812438.0000","18.2500","18.6800","17.7701"
"2017/08/23","18.0300","717121.0000","17.7700","18.1500","17.3000"
"2017/08/22","17.8200","672686.0000","17.4300","17.8900","17.2750"
"2017/08/21","17.3900","1020970.0000","17.3300","17.8300","17.0350"
"2017/08/18","17.3000","1084875.0000","17.6600","17.7500","17.0500"
"2017/08/17","17.6200","1247281.0000","18.1500","18.3300","17.5850"
"2017/08/16","18.2100","1072046.0000","18.6400","18.8100","17.9600"
"2017/08/15","18.6300","1527522.0000","18.5800","18.8700","17.8200"
"2017/08/14","18.5500","2099436.0000","19.9900","20.5000","18.5100"
"2017/08/11","19.6500","2111531.0000","18.5200","19.6830","17.7000"
"2017/08/10","18.6600","2988496.0000","20.0100","20.7800","17.7400"
"2017/08/09","20.9800","986355.0000","20.4800","21.1000","20.1900"
"2017/08/08","20.6600","703456.0000","21.4700","21.6599","20.6300"
"2017/08/07","21.5000","557609.0000","21.6500","21.9300","21.4300"
"2017/08/04","21.6500","496088.0000","21.3200","21.7000","21.2200"
"2017/08/03","21.3200","657544.0000","21.0500","21.4000","20.9300"
"2017/08/02","21.0900","658764.0000","21.3900","21.6900","20.6000"
"2017/08/01","21.3800","926571.0000","21.6300","21.6600","20.7300"
"2017/07/31","21.5900","581964.0000","22.5100","22.5100","21.5600"
"2017/07/28","22.5500","440405.0000","22.3900","22.5900","21.9400"
"2017/07/27","22.4900","643431.0000","23.2300","23.6400","22.4300"
"2017/07/26","23.1200","342023.0000","23.2100","23.4500","22.9500"
"2017/07/25","23.1900","595187.0000","23.2400","23.4000","22.7900"
"2017/07/24","23.0600","581176.0000","23.5100","23.8000","23.0300"
"2017/07/21","23.6100","390890.0000","23.5000","23.8400","23.4100"
"2017/07/20","23.6500","592127.0000","23.0000","23.7400","22.9700"
"2017/07/19","23.0000","511745.0000","22.9600","23.2900","22.7600"
"2017/07/18","22.9200","490632.0000","22.8000","23.0700","22.4300"
"2017/07/17","22.8300","564708.0000","23.0800","23.5800","22.7900"
"2017/07/14","23.1300","947150.0000","24.1200","24.4800","23.0900"
"2017/07/13","24.1200","598077.0000","23.5000","24.4500","23.0500"
"2017/07/12","23.5500","443708.0000","23.2800","23.8300","23.2050"
"2017/07/11","23.1400","529870.0000","23.4800","23.7154","22.9000"
"2017/07/10","23.5000","597129.0000","24.2200","24.3535","23.4300"
"2017/07/07","24.2300","572649.0000","24.3200","24.8013","24.1100"
"2017/07/06","24.1600","958970.0000","24.9400","25.1500","24.0600"
"2017/07/05","25.1300","854253.0000","24.4500","25.3000","24.2500"
"2017/07/03","24.4000","327188.0000","24.1700","24.7200","23.9800"
"2017/06/30","24.0900","666799.0000","24.2200","24.5500","23.7200"
"2017/06/29","24.1400","808705.0000","24.9300","25.1800","23.8200"
"2017/06/28","24.9300","669214.0000","24.3300","25.1100","23.8800"
"2017/06/27","24.0700","868905.0000","25.3400","25.4600","24.0400"
"2017/06/26","25.3800","748371.0000","25.3600","25.8800","24.8454"
"2017/06/23","25.3600","1115617.0000","25.1800","25.8000","24.7800"
"2017/06/22","25.2900","1230583.0000","24.0500","25.6300","23.7600"
"2017/06/21","23.9500","759165.0000","23.3600","24.1800","23.2600"
"2017/06/20","23.3000","727518.0000","23.3000","23.9200","23.2216"
"2017/06/19","23.4000","913300.0000","22.7400","23.5900","22.4600"
"2017/06/16","22.5600","2218577.0000","22.8300","22.9100","22.3710"
"2017/06/15","22.8200","609381.0000","23.3500","23.8350","22.6600"
"2017/06/14","23.4800","726229.0000","22.7400","23.9400","22.7100"
"2017/06/13","22.7800","831492.0000","23.2800","23.4700","22.4400"
"2017/06/12","23.1600","1038792.0000","22.2600","23.2800","21.8700"
"2017/06/09","22.3500","844321.0000","22.6800","23.2500","22.2500"
"2017/06/08","22.6500","807608.0000","22.0300","23.0400","21.8000"
"2017/06/07","22.0200","552442.0000","21.8000","22.1400","21.7300"
"2017/06/06","21.9600","499106.0000","21.7800","22.2300","21.5310"
"2017/06/05","21.8200","962212.0000","22.2800","22.5200","21.5310"
"2017/06/02","22.0700","879224.0000","22.0300","22.1400","21.3550"
"2017/06/01","21.8300","1021907.0000","21.2900","21.9400","21.1400"
"2017/05/31","21.3200","2288676.0000","22.0400","22.0500","20.1400"
"2017/05/30","21.8000","789208.0000","21.9200","22.5100","21.6700"
"2017/05/26","21.8900","811148.0000","22.0000","23.0200","21.8000"
"2017/05/25","22.1100","1151228.0000","23.3400","23.3600","21.9000"
"2017/05/24","23.2300","928447.0000","23.0000","23.6400","22.9500"
"2017/05/23","22.9300","898829.0000","22.4000","23.0100","22.3110"
"2017/05/22","22.4800","1272682.0000","23.5700","23.7100","22.2400"
"2017/05/19","23.4900","829017.0000","24.2700","24.4700","23.2600"
"2017/05/18","24.2800","777465.0000","23.8200","24.3600","23.6200"
"2017/05/17","23.7500","1302826.0000","23.8600","24.9100","23.6390"
"2017/05/16","24.2500","1698610.0000","25.6400","26.1690","24.1900"
"2017/05/15","25.6700","2869705.0000","24.2500","26.9900","24.2100"
"2017/05/12","24.1400","1861726.0000","23.6200","24.2599","22.9100"
"2017/05/11","23.6200","5322619.0000","20.7100","23.9000","20.1200"
"2017/05/10","19.5600","1012809.0000","19.4400","19.6000","18.9300"
"2017/05/09","19.4400","1252900.0000","19.4600","19.6600","18.8945"
"2017/05/08","19.3600","994411.0000","20.4400","20.6800","19.2200"
"2017/05/05","20.5700","651611.0000","21.1700","21.1700","20.4500"
"2017/05/04","21.1300","492185.0000","21.2300","21.2900","20.7500"
"2017/05/03","21.1400","497456.0000","21.0600","21.4150","20.7600"
"2017/05/02","21.1800","688979.0000","21.1100","21.4100","20.6100"
"2017/05/01","21.0300","325937.0000","20.8800","21.1700","20.6500"
"2017/04/28","20.8400","542066.0000","21.5300","21.6700","20.6300"
"2017/04/27","21.4700","855857.0000","21.4100","21.7500","21.1900"
"2017/04/26","21.3300","878904.0000","21.1200","21.4400","21.0000"
"2017/04/25","21.1300","993413.0000","20.4300","21.2500","20.2600"
"2017/04/24","20.2700","618000.0000","20.5000","20.6000","20.2000"
"2017/04/21","20.1700","1037051.0000","20.3000","20.4300","20.0200"
"2017/04/20","20.3000","800106.0000","20.2500","20.4400","20.0000"
"2017/04/19","20.1200","1229430.0000","19.4400","20.3700","19.2100"
"2017/04/18","19.3300","1088497.0000","19.4700","19.4700","18.7400"
"2017/04/17","19.5000","616316.0000","19.6900","19.9600","19.4400"
"2017/04/13","19.6700","902459.0000","19.8600","20.2000","19.5800"
"2017/04/12","19.8700","926669.0000","19.7000","20.0600","19.5599"
"2017/04/11","19.6800","1242943.0000","20.1900","20.4290","19.2902"
"2017/04/10","20.1900","1322183.0000","19.2500","20.4250","19.1500"
"2017/04/07","19.2200","954872.0000","18.8900","19.2400","18.6277"
"2017/04/06","19.0200","1220515.0000","18.8700","19.0400","18.4100"
"2017/04/05","18.9200","1315919.0000","19.3300","19.6500","18.5900"
"2017/04/04","19.2800","822225.0000","19.3500","19.5800","18.8600"
"2017/04/03","19.3700","901737.0000","19.9000","20.2000","19.2350"
"2017/03/31","19.8200","512808.0000","19.7500","20.1200","19.6901"
"2017/03/30","19.7200","790908.0000","20.2000","20.2200","19.7000"
"2017/03/29","20.2300","1100731.0000","19.9900","21.0000","19.9200"
"2017/03/28","19.9500","719679.0000","19.7000","20.2300","19.4600"
"2017/03/27","20.0200","931838.0000","18.9000","20.1400","18.8593"
"2017/03/24","19.1400","715451.0000","18.9300","19.3500","18.7800"
"2017/03/23","18.9300","791977.0000","19.0600","19.5100","18.8500"
"2017/03/22","19.1900","1367333.0000","19.2400","19.5000","18.5500"
"2017/03/21","19.3100","1799916.0000","20.7600","21.0300","19.2500"
"2017/03/20","20.6800","824837.0000","20.9800","21.1500","20.5323"
"2017/03/17","20.9900","2239790.0000","21.1000","21.5900","20.8100"
"2017/03/16","21.3800","1001864.0000","21.1900","21.4800","20.9510"
"2017/03/15","21.1600","1494554.0000","20.8200","21.3200","20.4500"
"2017/03/14","20.8300","2135992.0000","22.6300","22.7500","20.7990"
"2017/03/13","22.8600","1807565.0000","23.7400","23.7400","22.7900"
"2017/03/10","23.7800","811013.0000","22.8900","23.8400","22.8300"
"2017/03/09","22.9100","600920.0000","22.7200","23.2200","22.5650"
"2017/03/08","22.8300","831981.0000","22.3100","23.2600","22.3100"
"2017/03/07","22.2500","1239205.0000","22.3400","22.7690","22.0000"
"2017/03/06","22.7300","848209.0000","22.8500","22.9200","22.3800"
"2017/03/03","22.9200","1467874.0000","23.4600","23.4900","22.7800"
"2017/03/02","23.5600","4021064.0000","21.1100","24.0000","20.2000"
"2017/03/01","21.8000","1544948.0000","22.6300","23.0500","21.7000"
"2017/02/28","22.2600","878937.0000","22.9400","23.0500","22.2100"
"2017/02/27","22.9600","1101370.0000","21.8300","23.0200","21.7500"
"2017/02/24","21.9100","838611.0000","21.7900","22.2700","21.5200"
"2017/02/23","22.0300","856893.0000","22.4100","22.5900","21.8601"
"2017/02/22","22.3300","1124630.0000","23.2500","23.4700","22.3300"
"2017/02/21","23.3000","898070.0000","23.5300","23.7000","23.1000"
"2017/02/17","23.4300","869316.0000","23.3500","23.7100","23.1100"
"2017/02/16","23.5700","1344800.0000","23.9100","23.9700","23.0500"
"2017/02/15","23.6500","1307663.0000","23.2400","23.7500","23.1600"
"2017/02/14","23.2900","1351937.0000","22.2500","23.3401","22.1300"
"2017/02/13","22.2700","1132098.0000","22.0000","22.5000","21.7700"
"2017/02/10","21.8500","726456.0000","21.6800","21.9700","21.3500"
"2017/02/09","21.6500","1008440.0000","21.5300","21.8800","21.4700"
"2017/02/08","21.3300","1010890.0000","21.3200","21.6300","21.0900"
"2017/02/07","21.4100","1311264.0000","21.4200","22.1203","21.2300"
"2017/02/06","21.4300","1578330.0000","22.2100","22.3900","21.2200"
"2017/02/03","22.0400","1695458.0000","21.1800","22.0600","20.9700"
"2017/02/02","20.9400","3458810.0000","21.0100","21.9500","20.3900"
"2017/02/01","20.4900","1234735.0000","21.2000","21.2400","20.4300"
"2017/01/31","21.1600","1699842.0000","20.8900","21.5700","20.4100"
"2017/01/30","21.0000","1178075.0000","21.9000","21.9000","20.6000"
"2017/01/27","21.6000","1156147.0000","20.8800","21.6400","20.6000"
"2017/01/26","20.7800","1203897.0000","21.1200","21.7500","20.7000"
"2017/01/25","21.1400","1740771.0000","21.8900","22.0000","21.0600"
"2017/01/24","21.6500","2150832.0000","21.9800","22.4264","21.1532"
"2017/01/23","22.0900","1612474.0000","23.2000","23.3940","21.9800"
"2017/01/20","23.3100","1217381.0000","23.5600","23.7950","23.0700"
"2017/01/19","23.5100","1806366.0000","25.0300","25.0700","23.2000"
"2017/01/18","25.0300","972565.0000","24.9202","25.0500","24.3611"
"2017/01/17","24.7005","1662275.0000","24.4909","24.8403","23.7720"
"2017/01/13","24.7305","1037311.0000","25.3395","25.7089","24.5608"
"2017/01/12","25.2197","1240608.0000","25.0899","25.3495","24.3910"
"2017/01/11","25.3595","1100574.0000","26.3978","26.9070","25.2996"
"2017/01/10","26.4577","661516.0000","26.4477","26.5276","25.7389"
"2017/01/09","26.3479","752307.0000","26.5376","26.7772","25.8986"
"2017/01/06","26.3579","749667.0000","25.8786","26.4577","25.5791"
"2017/01/05","25.7888","1223611.0000","26.0783","26.4977","25.3545"
"2017/01/04","25.9885","1281181.0000","24.7005","26.1582","24.7005"
"2017/01/03","24.7704","1212032.0000","24.4110","24.7904","23.8319"
"2016/12/30","24.2612","1173576.0000","24.9401","25.0600","23.9717"
"2016/12/29","24.8802","1811660.0000","24.5508","25.2696","24.2812"
"2016/12/28","24.5008","1278610.0000","25.3894","25.5691","24.4609"
"2016/12/27","25.5592","884709.0000","25.8587","26.2181","25.5292"
"2016/12/23","25.7389","1209058.0000","25.0300","26.1083","24.9801"
"2016/12/22","25.5592","1049163.0000","25.9585","26.3579","25.3695"
"2016/12/21","26.0883","1140060.0000","27.1067","27.4461","26.0584"
"2016/12/20","27.1766","1355134.0000","28.7740","28.8239","27.0468"
"2016/12/19","28.5943","1110339.0000","28.3647","29.3431","28.2648"
"2016/12/16","28.3048","2359384.0000","28.2349","29.1334","28.1251"
"2016/12/15","28.3347","1041105.0000","28.1550","28.4445","27.7057"
"2016/12/14","28.0652","1215918.0000","28.6542","29.2333","27.8255"
"2016/12/13","28.6642","1206136.0000","28.8938","29.3032","28.5743"
"2016/12/12","28.3846","1144399.0000","29.4330","29.5927","28.3547"
"2016/12/09","29.7824","979206.0000","30.5512","30.9106","29.6726"
"2016/12/08","30.3016","1442296.0000","29.9222","30.3814","29.2632"
"2016/12/07","29.9521","1667841.0000","29.5128","30.3215","29.1035"
"2016/12/06","30.4414","1175912.0000","29.9322","30.4513","29.3231"
"2016/12/05","29.9022","1408437.0000","28.4945","30.0021","28.1949"
"2016/12/02","28.2349","1015997.0000","27.9054","28.9537","27.5460"
"2016/12/01","27.7956","1330886.0000","29.3930","29.3942","27.7257"
"2016/11/30","29.1334","1299483.0000","30.3615","30.4064","28.9238"
"2016/11/29","30.3016","841881.0000","30.3914","30.8807","30.0021"
"2016/11/28","30.3415","1336919.0000","31.3399","31.5296","29.9122"
"2016/11/25","31.6295","460383.0000","31.2900","31.6295","30.9505"
"2016/11/23","31.2700","682730.0000","29.6626","31.3199","29.4629"
"2016/11/22","30.3016","1079842.0000","31.2900","31.3299","30.2117"
"2016/11/21","30.9605","1387832.0000","30.8507","31.6295","29.8024"
"2016/11/18","31.1402","1140868.0000","31.3000","31.7992","30.9206"
"2016/11/17","31.3699","883118.0000","30.6311","31.3699","30.1019"
"2016/11/16","30.4513","2900715.0000","32.3982","32.8475","30.4314"
"2016/11/15","32.6079","1632579.0000","31.9489","32.7976","31.1618"
"2016/11/14","31.9290","2035045.0000","29.7624","31.9489","29.3132"
"2016/11/11","29.6526","1606854.0000","29.2133","29.7525","28.6492"
"2016/11/10","29.3731","1793660.0000","28.0951","29.7025","27.0967"
"2016/11/09","28.0751","2195363.0000","27.1866","28.4445","26.5276"
"2016/11/08","25.7489","977369.0000","24.9501","26.2680","24.7904"
"2016/11/07","25.3295","1211247.0000","25.6290","25.6490","24.7205"
"2016/11/04","25.3495","1551180.0000","24.4110","25.7988","24.3910"
"2016/11/03","24.4709","1326143.0000","25.8786","25.9585","24.2612"
"2016/11/02","25.5592","931716.0000","26.1482","26.3679","25.4294"
"2016/11/01","26.3978","645838.0000","25.9785","26.4877","25.6690"
"2016/10/31","26.0584","616546.0000","25.9385","26.1781","25.7189"
"2016/10/28","25.8986","1160110.0000","25.8786","26.4977","25.4793"
"2016/10/27","26.0683","709024.0000","26.5975","27.0368","25.9985"
"2016/10/26","26.3579","696184.0000","26.3379","27.1366","25.9885"
"2016/10/25","26.2980","571751.0000","26.3279","26.9569","26.2431"
"2016/10/24","26.5775","565773.0000","26.6574","26.9769","26.2880"
"2016/10/21","26.5875","1306812.0000","26.8271","27.0068","26.4577"
"2016/10/20","27.0268","869939.0000","25.8387","27.0967","25.7788"
"2016/10/19","25.9286","947438.0000","26.2580","26.3778","25.6290"
"2016/10/18","26.3080","831676.0000","26.1083","26.4577","25.8487"
"2016/10/17","25.7888","1092512.0000","26.6374","26.8271","25.7688"
"2016/10/14","26.6374","1346410.0000","27.3163","27.6758","26.3778"
"2016/10/13","27.2465","1048550.0000","26.9569","28.0602","26.8271"
"2016/10/12","27.5160","1270303.0000","29.1834","29.5128","27.3962"
"2016/10/11","29.3231","1197253.0000","30.2417","30.5408","29.1434"
"2016/10/10","30.4414","1418969.0000","29.8124","30.7309","29.4130"
"2016/10/07","29.6426","1387693.0000","28.4246","29.7025","28.1850"
"2016/10/06","28.4845","784900.0000","28.7141","29.0136","28.3747"
"2016/10/05","28.8639","1016500.0000","28.7740","29.5428","28.6742"
"2016/10/04","28.7341","1262571.0000","28.9537","29.2033","28.1251"
"2016/10/03","28.9937","1363226.0000","27.7257","29.1235","27.6957"
"2016/09/30","27.9753","1063045.0000","27.7057","28.3946","27.4661"
"2016/09/29","27.7057","2236908.0000","27.7556","27.7556","26.6674"
"2016/09/28","27.7656","943149.0000","27.6159","28.0552","26.9777"
"2016/09/27","27.4062","669571.0000","27.0168","27.7257","26.9270"
"2016/09/26","27.1466","477034.0000","27.4961","27.5560","26.9919"
"2016/09/23","27.3663","860977.0000","27.8655","28.2149","27.3463"
"2016/09/22","27.9953","909791.0000","28.2149","28.4046","27.7257"
"2016/09/21","28.0652","1490245.0000","27.9753","28.2648","26.7273"
"2016/09/20","27.8355","918412.0000","28.0851","28.5244","27.6957"
"2016/09/19","27.8755","1246137.0000","27.9553","28.5044","27.4961"
"2016/09/16","27.8056","1803479.0000","27.1366","27.9553","27.0867"
"2016/09/15","27.3962","1005579.0000","26.9769","27.4961","26.4577"
"2016/09/14","26.7473","1044638.0000","26.7872","27.1940","26.1882"
"2016/09/13","26.5775","887602.0000","26.0184","26.8815","25.8187"
"2016/09/12","26.5476","1254184.0000","25.0699","26.5675","25.0000"
"2016/09/09","25.3595","1870543.0000","26.8371","27.2664","25.3395"
"2016/09/08","27.2465","1561060.0000","27.1067","27.7856","26.4807"
"2016/09/07","27.1167","3961635.0000","25.9885","28.2548","25.6590"
"2016/09/06","25.9585","1276929.0000","25.3395","26.2980","25.2197"
"2016/09/02","25.2896","966032.0000","25.3395","25.7189","24.9202"
"2016/09/01","25.2496","1050463.0000","24.9701","25.5092","24.5608"
"2016/08/31","25.1997","1288957.0000","25.1598","25.5292","24.7904"
"2016/08/30","25.4094","1143664.0000","25.4493","26.1482","25.0300"
"2016/08/29","25.4294","2533045.0000","25.9985","26.3130","24.2612"
"2016/08/26","26.0783","1771387.0000","25.6290","26.3179","25.3096"
"2016/08/25","25.6390","2016960.0000","26.4577","26.9170","24.8503"
"2016/08/24","26.2481","2998488.0000","29.2632","29.6586","26.1582"
"2016/08/23","29.2233","1170744.0000","29.8523","30.4214","29.0760"
"2016/08/22","29.7924","2041038.0000","29.1834","30.5112","29.0735"
"2016/08/19","29.1135","1385221.0000","29.3531","29.4030","28.7041"
"2016/08/18","29.3032","998163.0000","29.2632","29.6426","28.7840"
"2016/08/17","29.2133","2422009.0000","28.4046","29.6925","28.0652"
"2016/08/16","28.5344","900248.0000","28.9837","29.2533","28.4146"
"2016/08/15","28.9537","1287071.0000","28.6342","29.3930","28.4945"
"2016/08/12","28.2249","1143102.0000","28.5843","28.5843","27.6059"
"2016/08/11","28.6342","1219503.0000","28.3048","29.0636","27.9553"
"2016/08/10","27.8854","2737803.0000","27.3363","28.3247","26.5675"
"2016/08/09","26.9170","1633840.0000","26.9370","27.2165","26.3679"
"2016/08/08","27.0068","2295451.0000","30.0520","30.1019","26.8751"
"2016/08/05","28.6642","1820356.0000","28.0052","28.8040","27.4561"
"2016/08/04","27.6358","1536668.0000","28.6043","29.2033","27.4661"
"2016/08/03","28.3447","2824690.0000","26.3279","28.9537","26.2481"
"2016/08/02","26.1882","1768233.0000","27.5460","27.9553","25.4993"
"2016/08/01","27.3363","2369676.0000","25.2297","27.8056","25.2197"
"2016/07/29","25.2896","841160.0000","24.6107","25.5891","24.4110"
"2016/07/28","24.6706","749760.0000","25.3595","25.6989","24.2912"
"2016/07/27","25.5292","849176.0000","24.5907","25.5791","24.5608"
"2016/07/26","24.5707","706312.0000","24.2213","24.8802","23.7920"
"2016/07/25","24.3411","860514.0000","23.9917","24.5518","23.8319"
"2016/07/22","23.9717","737617.0000","24.3910","24.5988","23.9417"
"2016/07/21","24.2912","1223103.0000","24.8403","25.2595","23.9318"
"2016/07/20","24.5108","1376515.0000","23.4326","24.7105","23.3527"
"2016/07/19","23.0432","2840916.0000","25.0200","25.5991","22.8435"
"2016/07/18","25.4094","820685.0000","24.6007","25.4893","24.4010"
"2016/07/15","24.5108","1184972.0000","24.2013","24.6406","24.0316"
"2016/07/14","24.8503","700632.0000","24.7205","25.1598","24.5608"
"2016/07/13","24.6306","968926.0000","26.0584","26.2580","24.4709"
"2016/07/12","25.8487","1107396.0000","26.6574","26.6873","25.8088"
"2016/07/11","26.1882","1213150.0000","27.3463","27.4461","26.1083"
"2016/07/08","26.6774","1353978.0000","25.8487","27.1965","25.7988"
"2016/07/07","25.8487","1076309.0000","25.3894","26.2580","25.1398"
"2016/07/06","25.8487","1557349.0000","24.8104","25.8786","24.7405"
"2016/07/05","25.1298","1338210.0000","25.9885","25.9885","24.7854"
"2016/07/01","26.3279","1348533.0000","24.4110","26.3279","24.3810"
"2016/06/30","24.5707","1455159.0000","24.9501","25.3195","23.8120"
"2016/06/29","25.3994","1465756.0000","23.9817","25.5592","23.5024"
"2016/06/28","23.7820","2091378.0000","24.2512","24.7604","23.5124"
"2016/06/27","23.9517","2377333.0000","23.7820","24.2612","23.6023"
"2016/06/24","23.9617","2440533.0000","23.9517","25.4393","23.9118"
"2016/06/23","25.1598","1967598.0000","24.5208","25.2596","24.4010"
"2016/06/22","24.6107","1289511.0000","24.7105","25.3595","23.8319"
"2016/06/21","24.7405","1195154.0000","25.3295","25.5790","24.3960"
"2016/06/20","25.0799","2586340.0000","24.3012","25.5092","23.9617"
"2016/06/17","23.9118","4639235.0000","25.7688","26.1083","23.7171"
"2016/06/16","25.3794","1861139.0000","25.0699","25.4818","24.2712"
"2016/06/15","25.4593","2586432.0000","24.8104","26.5576","24.8104"
"2016/06/14","24.8104","1589207.0000","24.9601","25.6914","24.2113"
"2016/06/13","25.0899","1441741.0000","24.9601","26.6574","24.9601"
"2016/06/10","25.2297","1576968.0000","24.7504","26.2880","24.3611"
"2016/06/09","25.0899","1631417.0000","26.2980","26.4677","24.9601"
"2016/06/08","26.4577","2129739.0000","28.3547","28.4545","25.9685"
"2016/06/07","28.5743","1016796.0000","29.4529","29.9821","28.5644"
"2016/06/06","29.6526","1092750.0000","28.9537","29.7525","28.4146"
"2016/06/03","28.9138","1087666.0000","29.7125","29.9422","28.7041"
"2016/06/02","29.9422","1202523.0000","29.5128","30.1576","29.4629"
"2016/06/01","29.8922","1040672.0000","30.5112","30.8507","29.8024"
"2016/05/31","30.6910","1454454.0000","30.4513","31.3099","30.3016"
"2016/05/27","29.9721","723139.0000","30.1618","30.1618","29.0037"
"2016/05/26","30.1918","759424.0000","30.5811","30.8906","30.0021"
"2016/05/25","30.3814","1205894.0000","30.7509","30.9805","30.0120"
"2016/05/24","30.5312","2385615.0000","30.1818","30.9306","29.4130"
"2016/05/23","29.5428","2093142.0000","28.1949","30.0520","28.0052"
"2016/05/20","28.0052","1902326.0000","26.6574","28.4246","26.6537"
"2016/05/19","26.4877","850326.0000","26.4078","27.1766","26.2680"
"2016/05/18","26.6374","858517.0000","26.4977","27.3163","26.1472"
"2016/05/17","26.5975","1947139.0000","25.5092","26.9819","25.4643"
"2016/05/16","25.5092","2125966.0000","24.5907","25.9086","24.4709"
"2016/05/13","24.3111","3619441.0000","23.2029","24.7704","22.7736"
"2016/05/12","24.4609","2513387.0000","25.6690","25.8886","24.0216"
"2016/05/11","25.7788","2989091.0000","25.5192","26.6175","24.7405"
"2016/05/10","27.7057","2270228.0000","27.2564","28.4445","27.0807"
"2016/05/09","27.1666","1694053.0000","25.9885","27.3363","25.8886"
"2016/05/06","26.1682","1878812.0000","24.8104","26.7772","24.8004"
"2016/05/05","25.3395","2455680.0000","24.7704","26.0384","24.3574"
"2016/05/04","24.9501","2667372.0000","25.8986","26.5376","24.0216"
"2016/05/03","26.2181","2089414.0000","27.4561","27.4561","26.1183"
"2016/05/02","27.5060","2285326.0000","26.5276","27.6858","25.5792"
"2016/04/29","26.6874","1988564.0000","26.7473","28.0132","25.7794"
"2016/04/28","26.8072","2194300.0000","26.8970","27.9354","26.5076"
"2016/04/27","27.1965","6845618.0000","24.9202","27.4362","23.3127"
"2016/04/26","26.8770","2550688.0000","27.4861","27.7656","25.9885"
"2016/04/25","27.7656","2410341.0000","28.7041","28.9537","26.9669"
"2016/04/22","28.9637","7648121.0000","28.3647","29.9222","26.8571"
"2016/04/21","27.0568","14107870.0000","34.9641","35.3435","26.4577"
"2016/04/20","36.7712","931624.0000","35.9326","37.5350","35.7928"
"2016/04/19","35.7029","996666.0000","36.7613","37.2804","35.5931"
"2016/04/18","36.9310","1165560.0000","37.6898","38.4785","36.7712"
"2016/04/15","37.8994","1382523.0000","37.9394","38.5384","36.6515"
"2016/04/14","37.9394","3141287.0000","35.9426","38.2787","35.9426"
"2016/04/13","35.6331","2157793.0000","34.2353","36.0424","33.2569"
"2016/04/12","32.9374","1469229.0000","33.1470","33.7760","32.0288"
"2016/04/11","33.1171","1647048.0000","34.5049","35.7928","33.0871"
"2016/04/08","34.3551","823732.0000","34.8044","35.1838","33.9857"
"2016/04/07","34.5049","1325216.0000","34.9641","35.6430","33.8759"
"2016/04/06","35.0540","1472037.0000","33.7161","35.1039","33.4665"
"2016/04/05","33.3966","2014213.0000","34.1954","34.6946","33.3467"
"2016/04/04","34.9442","1716073.0000","35.0340","36.0125","34.1854"
"2016/04/01","34.6247","1587001.0000","33.3467","35.0041","33.1969"
"2016/03/31","33.8359","1460590.0000","33.6762","34.8043","33.3467"
"2016/03/30","33.7261","1626250.0000","35.7429","36.3718","33.5264"
"2016/03/29","35.2137","1590636.0000","33.9957","35.3626","33.2668"
"2016/03/28","34.4749","1672179.0000","35.9825","36.3619","33.9258"
"2016/03/24","35.8827","1263255.0000","35.1938","36.4617","34.4250"
"2016/03/23","35.4034","1802878.0000","37.5300","38.3387","35.3036"
"2016/03/22","37.7397","1940594.0000","37.7896","39.1774","37.2704"
"2016/03/21","38.3787","1758194.0000","36.9410","39.4270","36.4517"
"2016/03/18","37.3204","2711455.0000","35.5831","38.1890","35.0440"
"2016/03/17","35.7229","1624643.0000","34.4949","36.0823","34.3879"
"2016/03/16","34.4649","1164090.0000","33.7461","35.4633","33.1969"
"2016/03/15","34.1354","1916688.0000","36.7712","36.9385","33.9557"
"2016/03/14","37.3603","1160872.0000","38.3887","38.8280","36.9409"
"2016/03/11","37.9094","1721914.0000","35.7429","37.9394","35.5533"
"2016/03/10","34.9342","1446371.0000","37.7397","38.1390","34.5947"
"2016/03/09","37.4901","897367.0000","36.7912","37.9394","35.9525"
"2016/03/08","36.4118","1624284.0000","38.4286","38.6982","36.2920"
"2016/03/07","38.8379","2569338.0000","37.9793","40.1758","37.8395"
"2016/03/04","36.9709","1816611.0000","37.2405","38.4386","36.5417"
"2016/03/03","37.2205","2022354.0000","36.8910","38.5384","36.2920"
"2016/03/02","36.9609","2893079.0000","33.8459","37.5300","33.4565"
"2016/03/01","33.6762","2636749.0000","32.6977","33.7860","30.6011"
"2016/02/29","30.9006","1650010.0000","33.6462","34.0755","30.6510"
"2016/02/26","33.7061","1579632.0000","31.7992","34.6347","31.0903"
"2016/02/25","31.4997","1257800.0000","32.0088","32.7327","30.5911"
"2016/02/24","32.2285","1210252.0000","30.9006","32.4182","29.5927"
"2016/02/23","31.4997","1189687.0000","32.3483","33.4366","31.4697"
"2016/02/22","32.6279","824402.0000","32.7477","33.8160","32.1786"
"2016/02/19","32.3683","1319518.0000","30.7009","33.4366","29.9122"
"2016/02/18","30.8906","1462890.0000","32.4481","32.6478","30.0520"
"2016/02/17","32.2684","1838567.0000","31.3998","32.9873","31.3998"
"2016/02/16","30.5512","1312868.0000","29.9521","31.2740","29.7025"
"2016/02/12","29.6227","1353504.0000","30.7309","31.1942","28.6143"
"2016/02/11","30.3415","1351091.0000","29.9921","30.8207","29.5827"
"2016/02/10","31.1402","1630215.0000","34.6546","34.9342","30.8008"
"2016/02/09","33.8659","1693729.0000","34.0955","35.6276","32.5480"
"2016/02/08","34.9641","1902455.0000","34.6047","35.9825","34.2870"
"2016/02/05","35.9126","2970828.0000","34.6946","36.7752","33.1171"
"2016/02/04","34.9042","3933865.0000","31.3399","35.7216","30.0120"
"2016/02/03","30.9605","2817069.0000","32.0588","32.4282","29.5029"
"2016/02/02","30.6510","2762843.0000","31.5296","32.6977","29.2433"
"2016/02/01","31.5196","3653444.0000","30.2417","32.6678","28.7391"
"2016/01/29","29.0935","4475030.0000","30.0819","31.3799","26.5775"
"2016/01/28","28.9537","6337138.0000","27.9054","32.6179","27.2664"
"2016/01/27","26.3279","1776013.0000","26.7373","27.6185","25.0500"
"2016/01/26","25.9086","1361903.0000","26.7073","27.0068","25.2496"
"2016/01/25","26.6973","1519421.0000","27.5759","28.4246","26.2281"
"2016/01/22","27.5759","1340940.0000","26.4677","28.3447","26.4078"
"2016/01/21","26.4677","2050356.0000","26.1682","28.4545","25.3495"
"2016/01/20","26.1882","2138635.0000","23.1630","26.7173","21.5855"
"2016/01/19","24.7005","3114676.0000","27.6109","27.7956","24.4909"
"2016/01/15","27.0667","3595660.0000","23.4725","27.0867","22.2345"
"2016/01/14","25.1199","4420036.0000","21.4158","25.4294","18.4906"
"2016/01/13","21.3459","2394276.0000","23.3627","23.7819","21.1961"
"2016/01/12","23.1630","2224278.0000","23.3627","24.6107","21.5885"
"2016/01/11","23.0631","3065225.0000","25.6390","25.9985","22.0548"
"2016/01/08","25.6290","1958201.0000","27.4761","27.7956","25.1398"
"2016/01/07","27.0967","2295502.0000","25.3195","27.2365","24.5408"
"2016/01/06","26.1482","3034803.0000","27.8954","28.4545","25.0200"
"2016/01/05","28.5444","2346842.0000","29.1933","29.7624","28.2349"
"2016/01/04","29.1235","1873609.0000","29.9521","30.0555","28.7241"
"2015/12/31","30.1019","1216422.0000","31.3898","31.6446","30.0919"
"2015/12/30","31.4497","1324683.0000","30.7509","31.9489","30.4513"
"2015/12/29","30.7309","1360415.0000","31.0903","31.2852","30.0220"
"2015/12/28","30.9705","1206648.0000","31.5096","31.8191","30.8207"
"2015/12/24","31.6993","407314.0000","31.5496","31.9290","31.2810"
"2015/12/23","31.5895","965153.0000","31.5795","31.7942","30.8707"
"2015/12/22","31.3499","1923654.0000","32.9074","33.7261","30.7009"
"2015/12/21","31.7592","1005730.0000","31.6694","31.8927","30.4522"
"2015/12/18","31.2301","2441962.0000","31.7692","32.8775","31.2301"
"2015/12/17","31.7692","1183032.0000","33.3168","33.8459","31.3399"
"2015/12/16","32.9174","1855038.0000","31.2001","33.1870","31.0505"
"2015/12/15","30.6710","2027250.0000","30.4314","30.6809","29.2133"
"2015/12/14","29.5128","2093003.0000","29.7924","30.8707","28.6085"
"2015/12/11","29.7824","2251768.0000","31.3000","31.4098","29.5827"
"2015/12/10","32.0088","1798387.0000","32.3283","33.4865","31.8491"
"2015/12/09","32.3283","2017364.0000","31.8791","32.8475","31.3799"
"2015/12/08","32.3783","1868896.0000","31.3100","32.6878","30.6111"
"2015/12/07","30.7309","2066529.0000","32.5380","32.5380","29.7624"
"2015/12/04","32.8974","2953753.0000","32.0388","33.0472","29.3032"
"2015/12/03","31.5196","2047107.0000","34.9641","35.7528","31.3998"
"2015/12/02","34.7744","1244498.0000","36.0823","36.5615","34.6047"
"2015/12/01","36.1822","1118596.0000","36.6614","36.7712","35.2936"
"2015/11/30","36.2521","961729.0000","36.7712","37.5300","35.6231"
"2015/11/27","36.7712","402235.0000","37.1207","37.5577","36.1722"
"2015/11/25","36.8212","1474764.0000","34.6946","37.1406","34.6946"
"2015/11/24","34.6746","967199.0000","34.5348","34.9882","34.2453"
"2015/11/23","34.8743","1706814.0000","34.9442","35.4134","33.8559"
"2015/11/20","34.7944","1720654.0000","36.7912","37.0508","34.6846"
"2015/11/19","36.5915","3216243.0000","35.4234","39.2323","35.3535"
"2015/11/18","35.2337","1452312.0000","35.4334","36.0324","34.4450"
"2015/11/17","35.1738","1023323.0000","35.2337","36.3918","34.4944"
"2015/11/16","34.8843","1369948.0000","34.9442","36.2221","33.7061"
"2015/11/13","35.2836","2465818.0000","38.8379","38.8379","35.0540"
"2015/11/12","38.6582","1997013.0000","41.7533","41.7533","38.4386"
"2015/11/11","41.6934","1820617.0000","43.6103","43.6902","41.2241"
"2015/11/10","42.7317","3554256.0000","38.9378","43.4805","38.7880"
"2015/11/09","39.7165","1580269.0000","38.7481","40.6950","38.7481"
"2015/11/06","38.9378","1599238.0000","38.7181","39.6866","37.2205"
"2015/11/05","38.8779","1847464.0000","40.3355","42.9214","37.7197"
"2015/11/04","40.2956","2511450.0000","39.4869","41.7034","38.7481"
"2015/11/03","39.3571","4354772.0000","34.9442","40.1758","34.7445"
"2015/11/02","35.4633","2557888.0000","34.1255","35.5732","33.1470"
"2015/10/30","33.5464","1305946.0000","34.1155","34.5348","32.7177"
"2015/10/29","33.6762","1727884.0000","35.3335","36.3120","33.4665"
"2015/10/28","35.7529","2356273.0000","33.7960","35.9426","32.7776"
"2015/10/27","33.9158","2027331.0000","32.2485","33.9458","31.5096"
"2015/10/26","32.7077","1302310.0000","32.8275","33.7660","31.7293"
"2015/10/23","32.8775","1591723.0000","31.9090","33.1370","31.1293"
"2015/10/22","30.9306","1739824.0000","31.7692","32.2375","30.0719"
"2015/10/21","31.7892","1971263.0000","32.3084","32.6977","29.9521"
"2015/10/20","31.9489","1583274.0000","33.6462","33.9448","31.3599"
"2015/10/19","33.6862","1835851.0000","32.8076","34.2353","31.9689"
"2015/10/16","33.0172","2309174.0000","33.5763","35.8028","32.6778"
"2015/10/15","33.4266","2537482.0000","32.6079","33.8459","31.8591"
"2015/10/14","32.9473","3892875.0000","34.2353","35.4833","31.8291"
"2015/10/13","31.9989","2902621.0000","35.3036","37.1406","31.3399"
"2015/10/12","36.1922","1762201.0000","36.2920","38.1790","36.0125"
"2015/10/09","35.9525","1858011.0000","34.7744","36.6914","33.8160"
"2015/10/08","34.7145","1835154.0000","33.3667","34.9242","32.3157"
"2015/10/07","33.6562","2749767.0000","31.2401","34.7844","30.4114"
"2015/10/06","31.0204","2516512.0000","32.1187","32.2962","28.9737"
"2015/10/05","32.3383","3874350.0000","31.9989","33.1071","30.2517"
"2015/10/02","31.3898","3973912.0000","28.7940","31.7493","27.4761"
"2015/10/01","30.0520","4108487.0000","31.3998","32.0088","28.5644"
"2015/09/30","31.7493","4262985.0000","30.2417","32.3882","28.3447"
"2015/09/29","29.3431","3876520.0000","32.1087","33.1470","28.9537"
"2015/09/28","31.7293","5575379.0000","38.9378","38.9478","30.4814"
"2015/09/25","39.2772","2809382.0000","44.8883","45.8268","37.6598"
"2015/09/24","43.9198","1539397.0000","44.8184","44.9281","42.2924"
"2015/09/23","45.3076","1306410.0000","46.0864","47.3044","44.2493"
"2015/09/22","45.9066","1699188.0000","46.5656","48.1830","43.7501"
"2015/09/21","47.3044","2905892.0000","51.5326","53.3048","45.7269"
"2015/09/18","49.8304","2260959.0000","47.5740","50.3795","47.2844"
"2015/09/17","48.4925","1371904.0000","45.9665","49.1105","45.6670"
"2015/09/16","46.2361","982370.0000","45.5772","46.8951","45.1079"
"2015/09/15","45.9066","776113.0000","46.0664","46.3060","44.8987"
"2015/09/14","45.8268","944570.0000","44.9282","46.3759","44.4789"
"2015/09/11","44.8084","915851.0000","42.3423","44.9282","42.1227"
"2015/09/10","42.4721","932412.0000","41.9330","43.0312","41.5436"
"2015/09/09","42.1926","870856.0000","44.1095","44.9282","41.9829"
"2015/09/08","43.9198","1238654.0000","42.3024","43.9797","41.7133"
"2015/09/04","41.2740","1388617.0000","40.1958","41.4038","39.5967"
"2015/09/03","41.1442","1371588.0000","43.3308","44.1794","40.4853"
"2015/09/02","42.9314","1368529.0000","42.7916","43.0712","41.2341"
"2015/09/01","41.7034","1420368.0000","43.4106","44.6786","41.4837"
"2015/08/31","44.4290","819235.0000","45.9566","47.4493","43.9498"
"2015/08/28","46.6754","1351729.0000","44.1095","47.5440","43.7800"
"2015/08/27","44.7485","1067113.0000","44.9382","45.4274","43.4407"
"2015/08/26","44.2193","1313648.0000","43.7800","44.3791","41.2341"
"2015/08/25","42.4921","1746900.0000","45.1978","46.1163","42.1726"
"2015/08/24","42.5220","2364335.0000","41.4138","44.5788","39.4370"
"2015/08/21","45.3875","4341765.0000","41.6235","46.5456","40.9346"
"2015/08/20","42.4322","1983394.0000","47.1447","47.2745","42.1826"
"2015/08/19","46.9849","1285224.0000","47.5141","47.8835","45.5272"
"2015/08/18","47.9534","1137487.0000","49.5308","50.1199","47.0348"
"2015/08/17","48.9817","1385111.0000","47.0548","49.3012","46.9350"
"2015/08/14","47.4442","1905365.0000","49.8304","49.9602","46.2561"
"2015/08/13","49.9302","1607772.0000","51.6674","52.8955","49.7804"
"2015/08/12","51.6674","3312676.0000","47.9833","52.6059","46.4458"
"2015/08/11","48.8519","7191589.0000","51.9969","55.7928","46.4258"
"2015/08/10","57.5880","2390525.0000","61.8711","62.7497","57.2984"
"2015/08/07","59.4151","3330472.0000","65.3955","65.3955","57.2385"
"2015/08/06","65.4454","2441126.0000","68.8899","69.3392","63.1895"
"2015/08/05","68.6004","1425138.0000","66.0245","68.7112","65.8448"
"2015/08/04","65.2358","1190717.0000","65.0461","65.5552","63.6583"
"2015/08/03","65.0960","1508188.0000","65.6651","67.8016","64.6267"
"2015/07/31","65.1459","1606596.0000","63.4486","65.8947","62.4644"
"2015/07/30","63.3188","1250268.0000","62.0009","63.6383","60.3036"
"2015/07/29","62.2405","1591235.0000","61.3320","62.4003","59.6647"
"2015/07/28","60.5033","2027573.0000","55.2817","61.2821","54.9422"
"2015/07/27","54.4829","1528682.0000","56.3200","56.3300","53.9238"
"2015/07/24","56.7693","1042842.0000","57.6678","59.1004","56.1503"
"2015/07/23","58.1571","840349.0000","58.6063","59.6946","57.7277"
"2015/07/22","58.7960","1354043.0000","55.9406","59.7246","55.5313"
"2015/07/21","56.6794","1361086.0000","57.4083","57.8675","55.0121"
"2015/07/20","57.8575","1302927.0000","56.4099","58.2030","55.9206"
"2015/07/17","55.8308","1336301.0000","56.1403","56.6095","54.9222"
"2015/07/16","55.5113","3533183.0000","53.9837","57.6179","53.5744"
"2015/07/15","53.7142","3263022.0000","50.7689","53.8140","50.7689"
"2015/07/14","50.1499","1791487.0000","46.3659","50.4094","46.3659"
"2015/07/13","46.3260","779354.0000","46.9949","47.6139","45.9404"
"2015/07/10","46.4657","587417.0000","46.2261","46.7353","45.4873"
"2015/07/09","45.4474","712515.0000","45.6271","46.5456","44.9582"
"2015/07/08","44.9382","1084589.0000","46.5157","47.0448","44.6287"
"2015/07/07","47.2245","901220.0000","47.6439","47.7835","45.9466"
"2015/07/06","47.4641","3399660.0000","45.4673","48.9118","45.4673"
"2015/07/02","45.8767","1123508.0000","46.0364","47.0548","45.4274"
"2015/07/01","45.6071","1674641.0000","49.3611","49.4011","45.3076"
"2015/06/30","48.7221","1292570.0000","48.0332","49.7705","47.6938"
"2015/06/29","47.1347","1209419.0000","47.0348","49.4210","46.9250"
"2015/06/26","48.2030","3314455.0000","48.9618","49.8404","47.8735"
"2015/06/25","49.1015","881493.0000","48.3228","49.1714","47.5740"
"2015/06/24","48.0931","1001054.0000","49.5408","49.8903","48.0332"
"2015/06/23","49.7205","956016.0000","50.7988","51.1882","48.9518"
"2015/06/22","50.6291","1150556.0000","50.0201","51.3579","49.2114"
"2015/06/19","50.1898","1757002.0000","48.5524","51.0834","47.7038"
"2015/06/18","48.1930","1830373.0000","48.8120","50.2597","48.1630"
"2015/06/17","48.4825","1741638.0000","45.4873","48.6523","45.4873"
"2015/06/16","45.3675","600390.0000","44.7884","45.8467","44.4889"
"2015/06/15","45.0380","770294.0000","44.0496","45.1379","43.1411"
"2015/06/12","44.6786","738184.0000","45.4673","46.0469","44.5987"
"2015/06/11","45.7669","766491.0000","46.7453","47.0249","45.6071"
"2015/06/10","46.3360","821176.0000","46.2661","46.8751","45.2377"
"2015/06/09","46.4957","1516719.0000","46.4258","47.5440","44.2693"
"2015/06/08","46.4258","1712992.0000","44.6331","46.5720","44.4187"
"2015/06/05","44.2921","1089940.0000","42.0901","44.4869","41.7004"
"2015/06/04","42.1778","832938.0000","42.1486","43.2496","41.4373"
"2015/06/03","42.4311","645913.0000","41.8758","42.6329","41.1158"
"2015/06/02","41.2230","1006203.0000","40.8040","42.8987","40.5215"
"2015/06/01","40.8040","550238.0000","41.3302","41.7296","40.3072"
"2015/05/29","41.0379","850426.0000","39.7128","41.6127","39.7128"
"2015/05/28","39.8297","596765.0000","39.8979","40.2000","39.0795"
"2015/05/27","40.0928","878249.0000","40.5507","40.6384","39.4595"
"2015/05/26","40.5118","784509.0000","41.3886","41.6809","40.3754"
"2015/05/22","41.5056","564482.0000","40.8040","41.8855","40.7164"
"2015/05/21","40.9210","493356.0000","40.5410","41.3789","40.4436"
"2015/05/20","40.4630","512444.0000","40.4241","40.9112","39.5374"
"2015/05/19","40.1123","707496.0000","40.0343","41.2425","39.7341"
"2015/05/18","40.1123","822600.0000","38.8944","40.3559","38.6119"
"2015/05/15","39.0503","1049473.0000","39.8687","40.0124","38.5631"
"2015/05/14","39.9272","1432874.0000","40.8625","41.0476","38.5826"
"2015/05/13","40.8820","2015314.0000","43.0450","44.1752","40.5994"
"2015/05/12","43.0547","2870996.0000","43.7562","43.7562","40.5312"
"2015/05/11","41.9342","1619312.0000","41.9635","42.7722","41.3107"
"2015/05/08","41.7394","2046869.0000","41.7199","42.7722","40.8235"
"2015/05/07","41.0379","1929896.0000","39.2841","41.3107","38.8843"
"2015/05/06","38.5631","795345.0000","38.3683","39.7810","37.7447"
"2015/05/05","38.0857","944608.0000","39.3816","39.8200","37.9201"
"2015/05/04","39.5082","1098584.0000","39.0503","40.3656","38.8359"
"2015/05/01","38.9041","1575335.0000","37.9980","39.6544","37.5694"
"2015/04/30","37.8324","1093612.0000","37.5499","38.6215","37.1212"
"2015/04/29","37.7252","1009772.0000","37.8129","39.3134","37.1212"
"2015/04/28","38.2514","2379558.0000","39.9467","40.3973","36.3417"
"2015/04/27","39.8103","1474187.0000","42.8696","43.6588","39.1770"
"2015/04/24","42.9670","596174.0000","43.6880","44.7792","42.8988"
"2015/04/23","43.8536","1054386.0000","43.3178","44.7695","42.6552"
"2015/04/22","43.3860","802227.0000","43.0937","43.7562","42.3961"
"2015/04/21","43.0352","896481.0000","41.2815","43.2593","41.0184"
"2015/04/20","41.3009","1092454.0000","43.0060","43.0742","40.2107"
"2015/04/17","42.5773","962267.0000","43.2593","43.4590","41.8758"
"2015/04/16","43.8341","864646.0000","42.9768","44.1654","42.6260"
"2015/04/15","43.0060","907827.0000","43.7562","43.8926","42.3824"
"2015/04/14","43.3665","1369961.0000","42.4409","43.6393","41.2181"
"2015/04/13","42.1778","996073.0000","41.7881","43.6393","41.6225"
"2015/04/10","41.7881","630254.0000","40.7846","42.1915","40.2974"
"2015/04/09","40.9405","841940.0000","42.1681","43.2983","40.0928"
"2015/04/08","41.9830","1288184.0000","39.8395","42.3727","39.8395"
"2015/04/07","39.6446","1051511.0000","40.8235","41.6396","39.6349"
"2015/04/06","40.8040","1126587.0000","40.0343","41.6517","39.7031"
"2015/04/02","40.3754","1409080.0000","42.3824","42.3824","39.9467"
"2015/04/01","42.1681","1859110.0000","43.7465","43.9706","40.7846"
"2015/03/31","44.2044","1953222.0000","44.7013","46.1043","43.3567"
"2015/03/30","45.1105","4321588.0000","47.2637","47.8873","43.9121"
"2015/03/27","41.8953","2209495.0000","38.5826","41.9537","38.5826"
"2015/03/26","38.3585","1373759.0000","37.9980","39.2939","37.3453"
"2015/03/25","39.3134","2326869.0000","42.6065","43.1132","37.8811"
"2015/03/24","42.6065","1027726.0000","42.4506","44.9351","41.5359"
"2015/03/23","42.5578","1251080.0000","44.2239","44.2628","42.1096"
"2015/03/20","44.9254","1793382.0000","46.6791","47.4390","43.9998"
"2015/03/19","46.1530","1378730.0000","44.5259","47.9165","44.4188"
"2015/03/18","44.3018","1064730.0000","45.1105","46.1334","42.9768"
"2015/03/17","44.9838","710215.0000","45.5197","45.6464","44.5357"
"2015/03/16","45.6756","918612.0000","45.7535","46.0263","44.3116"
"2015/03/13","45.2956","683777.0000","45.8607","46.5490","44.6233"
"2015/03/12","46.2602","1007656.0000","46.0166","46.6889","45.1105"
"2015/03/11","45.6074","1017103.0000","45.9094","46.6207","44.7208"
"2015/03/10","45.8023","1981492.0000","45.0618","47.0493","44.0582"
"2015/03/09","47.4683","1889351.0000","48.9590","49.0564","45.0228"
"2015/03/06","48.8713","1723920.0000","48.2770","49.0954","47.2832"
"2015/03/05","48.2283","1532332.0000","47.7411","48.5888","46.6304"
"2015/03/04","46.8740","3122556.0000","46.7668","49.6703","45.8121"
"2015/03/03","46.9130","5070642.0000","42.1291","47.8873","40.9502"
"2015/03/02","39.1867","1655550.0000","40.4338","40.6579","38.5924"
"2015/02/27","40.0051","1142368.0000","41.8953","41.9927","39.2744"
"2015/02/26","41.8173","1189096.0000","41.8953","42.3824","40.2423"
"2015/02/25","41.1061","1247005.0000","39.0698","41.1548","38.5339"
"2015/02/24","38.9236","1571056.0000","40.5312","41.2035","38.2806"
"2015/02/23","40.1025","2451156.0000","40.9210","43.9413","39.7908"
"2015/02/20","40.6774","1429264.0000","39.4595","40.8722","38.5047"
"2015/02/19","39.1867","950001.0000","38.2903","39.3134","37.0627"
"2015/02/18","38.3878","1333895.0000","39.1185","39.5569","37.7545"
"2015/02/17","38.9236","1514747.0000","39.1477","39.5569","38.3488"
"2015/02/13","38.2903","1726136.0000","38.1247","38.9918","36.1664"
"2015/02/12","37.2673","1807468.0000","34.5198","37.6960","34.2518"
"2015/02/11","34.2372","2218728.0000","33.7403","36.0494","32.9803"
"2015/02/10","33.3896","3840476.0000","32.6393","34.6951","31.2363"
"2015/02/09","29.3852","710025.0000","28.9077","30.3983","28.4986"
"2015/02/06","28.9565","630379.0000","29.1318","30.0087","28.5580"
"2015/02/05","29.1123","574997.0000","28.3914","29.6482","28.0601"
"2015/02/04","28.1380","647306.0000","29.1513","29.1513","27.6509"
"2015/02/03","29.1318","920811.0000","28.3426","29.2390","27.3683"
"2015/02/02","28.2062","1014343.0000","27.9724","29.2293","27.3001"
"2015/01/30","27.9724","1322509.0000","29.1708","29.6969","27.6996"
"2015/01/29","29.2780","802506.0000","29.3657","30.1256","27.9919"
"2015/01/28","29.2780","985330.0000","30.8953","31.3143","28.8395"
"2015/01/27","31.0610","1812179.0000","28.1088","32.1132","27.8847"
"2015/01/26","28.6057","1110080.0000","26.7545","28.6057","26.4606"
"2015/01/23","26.6376","945037.0000","27.7775","29.0441","26.5012"
"2015/01/22","27.9042","4219646.0000","26.7935","28.8298","25.8192"
"2015/01/21","27.6704","1483653.0000","30.6518","30.9830","27.5340"
"2015/01/20","31.5579","1340025.0000","33.2434","33.2434","28.9759"
"2015/01/16","33.2337","1198244.0000","33.1850","34.0813","31.2266"
"2015/01/15","32.6686","3268295.0000","35.3966","39.4498","31.4312"
"2015/01/14","36.3417","5192133.0000","30.7102","37.6083","28.5278"
"2015/01/13","27.6411","584975.0000","29.0052","29.2195","27.1248"
"2015/01/12","28.7421","709595.0000","30.2133","30.2133","28.4693"
"2015/01/09","29.3072","1175119.0000","27.2124","30.2036","27.2124"
"2015/01/08","27.2904","692725.0000","26.9981","27.9432","26.7058"
"2015/01/07","26.6571","589785.0000","25.9751","26.7935","25.9751"
"2015/01/06","25.6730","544671.0000","25.5464","25.9751","24.5818"
"2015/01/05","25.4100","466267.0000","25.3320","26.0213","24.7280"
"2015/01/02","25.4392","538331.0000","27.0760","28.0113","25.2249"
"2014/12/31","26.8227","615233.0000","27.0760","27.4852","25.9069"
"2014/12/30","26.9299","479446.0000","26.3063","27.2027","25.9556"
"2014/12/29","26.5012","528669.0000","25.8192","27.1930","25.8192"
"2014/12/26","25.8484","233922.0000","25.6243","26.2575","25.2833"
"2014/12/24","25.5171","248852.0000","25.0982","25.7997","24.7864"
"2014/12/23","24.8644","638549.0000","26.4038","26.6279","23.7829"
"2014/12/22","26.3161","490276.0000","27.3781","27.5486","25.9166"
"2014/12/19","27.3001","2229307.0000","27.1345","27.4852","25.8387"
"2014/12/18","26.9201","611541.0000","27.3586","27.9139","26.3453"
"2014/12/17","26.8714","514258.0000","25.5951","27.0858","25.4879"
"2014/12/16","25.4684","576199.0000","25.5464","26.6862","24.9228"
"2014/12/15","25.6730","915401.0000","26.6084","27.7386","25.4879"
"2014/12/12","26.3161","812267.0000","25.6925","27.2806","25.4393"
"2014/12/11","25.9751","894350.0000","25.5171","28.0406","25.4587"
"2014/12/10","25.2443","559292.0000","25.8679","26.4038","24.7767"
"2014/12/09","25.9069","811708.0000","23.7731","26.2576","23.5003"
"2014/12/08","24.2116","567631.0000","23.8024","25.2150","23.7829"
"2014/12/05","23.7634","313776.0000","23.1398","24.2895","23.1398"
"2014/12/04","23.1593","456155.0000","23.9193","23.9193","22.8475"
"2014/12/03","24.1531","457095.0000","24.4941","24.8936","24.0265"
"2014/12/02","24.3967","1185320.0000","24.9326","25.6535","23.7731"
"2014/12/01","24.7962","625778.0000","26.2284","26.2868","24.7962"
"2014/11/28","25.8484","252793.0000","25.1372","25.8679","24.9228"
"2014/11/26","25.1567","310833.0000","25.3320","25.4002","24.5331"
"2014/11/25","25.3515","405494.0000","25.8679","26.2089","25.1079"
"2014/11/24","25.8094","325876.0000","25.6146","25.8192","25.1956"
"2014/11/21","25.4002","680668.0000","25.9069","26.5207","25.3125"
"2014/11/20","25.4684","669991.0000","24.8449","26.0822","24.3577"
"2014/11/19","24.8254","1029534.0000","24.2895","26.3453","24.1726"
"2014/11/18","24.2018","642114.0000","24.5331","24.8351","23.5296"
"2014/11/17","24.2895","1071009.0000","22.8768","24.9813","22.8475"
"2014/11/14","22.8573","668620.0000","23.1593","23.3347","21.7368"
"2014/11/13","23.1593","883757.0000","23.8024","24.1531","22.9157"
"2014/11/12","23.7731","845049.0000","23.1106","23.8608","22.4481"
"2014/11/11","23.3542","2744862.0000","21.0938","24.3577","20.9184"
"2014/11/10","21.0451","317428.0000","20.6943","21.1474","20.4313"
"2014/11/07","20.6066","388565.0000","20.4410","20.6651","19.5544"
"2014/11/06","20.4020","289440.0000","19.0965","20.5969","19.0477"
"2014/11/05","19.0282","296500.0000","20.2559","20.2676","19.0088"
"2014/11/04","20.0415","311614.0000","20.3728","20.9476","19.7600"
"2014/11/03","20.5871","391632.0000","21.7953","21.9025","20.4507"
"2014/10/31","21.7466","1110411.0000","22.6722","23.0196","21.6686"
"2014/10/30","22.3019","439286.0000","20.8307","22.3701","20.7528"
"2014/10/29","20.9087","275876.0000","20.9476","21.1912","20.2851"
"2014/10/28","20.9671","288546.0000","20.7528","21.1717","20.4507"
"2014/10/27","20.6359","289567.0000","19.8174","20.7528","19.4764"
"2014/10/24","19.9246","298066.0000","20.1000","20.4313","19.5057"
"2014/10/23","20.0902","655021.0000","18.2293","20.1584","18.1709"
"2014/10/22","18.0052","277833.0000","18.3365","18.8626","17.9370"
"2014/10/21","18.2683","307994.0000","18.0247","18.3657","17.7422"
"2014/10/20","17.8591","244159.0000","17.4791","18.0150","17.1673"
"2014/10/17","17.4791","333294.0000","18.3073","18.3267","17.2940"
"2014/10/16","18.0345","741168.0000","18.6678","18.9016","17.9857"
"2014/10/15","19.0672","1131117.0000","17.2453","19.1354","17.1478"
"2014/10/14","17.6837","722092.0000","16.3197","18.1514","16.1930"
"2014/10/13","16.1833","332532.0000","16.4463","16.7094","15.8228"
"2014/10/10","16.4756","472623.0000","16.2807","17.0309","15.9884"
"2014/10/09","16.4756","870867.0000","16.9140","16.9919","15.7156"
"2014/10/08","17.0407","712969.0000","17.8201","17.9468","16.4853"
"2014/10/07","17.7616","800597.0000","16.8263","18.3170","16.7094"
"2014/10/06","17.2258","448037.0000","17.5570","17.5863","17.0699"
"2014/10/03","17.5278","455167.0000","17.6837","17.8493","17.1965"
"2014/10/02","17.6252","239528.0000","17.3232","17.6545","16.6802"
"2014/10/01","17.2160","855739.0000","18.1221","18.1221","16.8068"
"2014/09/30","18.1027","343835.0000","19.1549","19.1647","18.1027"
"2014/09/29","19.1841","282540.0000","18.2488","19.2523","18.2488"
"2014/09/26","18.5996","192730.0000","18.5216","18.8431","18.2001"
"2014/09/25","18.4437","357562.0000","18.5119","19.1549","18.0150"
"2014/09/24","18.5996","484024.0000","18.1903","18.9016","18.1903"
"2014/09/23","18.1709","318376.0000","18.2683","18.4437","18.0052"
"2014/09/22","18.4144","488269.0000","19.5349","19.5349","18.0052"
"2014/09/19","19.6713","1098262.0000","20.0026","20.1682","19.0965"
"2014/09/18","20.1779","665883.0000","18.9113","20.2072","18.9113"
"2014/09/17","18.8918","535760.0000","18.1514","19.1010","18.1124"
"2014/09/16","18.1124","331672.0000","17.7616","18.1514","17.7324"
"2014/09/15","17.9175","535148.0000","17.9663","18.1220","17.6301"
"2014/09/12","18.0442","361484.0000","18.2585","18.4339","17.6934"
"2014/09/11","18.2098","295816.0000","17.8493","18.3073","17.5376"
"2014/09/10","18.0637","348108.0000","17.2940","18.0734","17.0309"
"2014/09/09","17.4012","408214.0000","17.7324","17.8737","17.3037"
"2014/09/08","17.7129","426351.0000","17.2550","17.9273","17.2550"
"2014/09/05","17.4206","455363.0000","17.4304","17.7227","16.9062"
"2014/09/04","17.5570","445577.0000","18.3462","18.7652","17.4597"
"2014/09/03","18.2975","1063271.0000","18.7847","19.0088","18.1416"
"2014/09/02","18.7067","596816.0000","19.4959","19.7590","18.6872"
"2014/08/29","19.7590","167326.0000","19.6031","20.0513","19.5447"
"2014/08/28","19.6031","228692.0000","19.9636","20.2461","19.4277"
"2014/08/27","20.1779","236624.0000","20.0610","20.4605","20.0026"
"2014/08/26","20.1292","227788.0000","19.8077","20.2072","19.5251"
"2014/08/25","19.7687","323803.0000","19.6421","20.4215","19.6421"
"2014/08/22","19.5739","291644.0000","19.2329","19.9344","18.9211"
"2014/08/21","19.2426","422413.0000","19.8954","20.0318","19.0867"
"2014/08/20","20.0220","322135.0000","20.0708","20.2549","19.8398"
"2014/08/19","20.2461","602404.0000","20.8989","21.0353","20.1195"
"2014/08/18","20.9964","520189.0000","21.4056","21.5761","20.8843"
"2014/08/15","21.0840","1200701.0000","22.8963","23.0132","20.1682"
"2014/08/14","21.8245","309147.0000","21.7466","22.0744","21.3179"
"2014/08/13","21.7076","256357.0000","21.4348","21.9901","21.2984"
"2014/08/12","21.3374","296964.0000","21.6979","21.9541","20.9476"
"2014/08/11","21.9512","364409.0000","22.3604","22.6527","21.8245"
"2014/08/08","22.1266","530059.0000","21.9025","22.4383","21.5225"
"2014/08/07","21.9609","685186.0000","21.4348","22.6040","21.2692"
"2014/08/06","21.4250","456211.0000","21.6102","22.1071","20.9964"
"2014/08/05","21.2789","487313.0000","21.0158","21.8050","20.7528"
"2014/08/04","21.2497","523030.0000","21.5420","21.9122","20.7528"
"2014/08/01","21.4153","278308.0000","21.4348","21.9366","20.7138"
"2014/07/31","21.5225","362788.0000","23.0132","23.0132","21.4348"
"2014/07/30","23.2860","226399.0000","22.8670","23.6075","22.8670"
"2014/07/29","22.5942","279662.0000","22.0876","23.1788","22.0876"
"2014/07/28","22.1266","385113.0000","23.3639","23.7342","22.0583"
"2014/07/25","23.5783","334564.0000","23.2567","23.8706","23.0054"
"2014/07/24","23.3834","363047.0000","22.9937","23.7195","22.4091"
"2014/07/23","22.9742","302923.0000","21.8830","23.0423","21.8050"
"2014/07/22","21.6979","258610.0000","22.0778","22.2337","21.5225"
"2014/07/21","21.8148","268512.0000","21.6686","21.9025","21.2692"
"2014/07/18","21.8343","519354.0000","20.9574","22.2337","20.7917"
"2014/07/17","20.9574","623159.0000","22.8378","22.8378","20.8794"
"2014/07/16","22.7988","324207.0000","22.5358","23.2762","22.2932"
"2014/07/15","22.4578","626705.0000","24.1629","24.1921","22.3214"
"2014/07/14","24.1921","179355.0000","24.6013","24.7182","24.1240"
"2014/07/11","24.4162","444120.0000","24.0362","24.5526","23.3152"
"2014/07/10","24.1823","851513.0000","21.9219","24.4259","21.5517"
"2014/07/09","22.6332","614527.0000","23.0619","23.3152","21.9901"
"2014/07/08","23.0521","776973.0000","25.2736","25.2736","22.8378"
"2014/07/07","25.3807","595872.0000","25.6633","25.8679","25.1810"
"2014/07/03","25.9069","449005.0000","24.7864","25.9361","24.6403"
"2014/07/02","24.7474","413819.0000","23.9290","24.8838","23.9290"
"2014/07/01","24.0459","592265.0000","24.6110","25.0300","23.7439"
"2014/06/30","24.4844","422832.0000","24.5721","25.5561","24.2330"
"2014/06/27","24.5818","2880318.0000","24.5526","25.1177","24.2603"
"2014/06/26","24.7474","388435.0000","24.5818","24.8449","24.1921"
"2014/06/25","24.3869","654590.0000","23.9777","25.3320","23.4321"
"2014/06/24","24.0947","542116.0000","24.8351","25.2833","23.7244"
"2014/06/23","24.9520","344730.0000","25.2151","25.3145","24.7784"
"2014/06/20","25.2638","513004.0000","25.0592","25.3223","24.6500"
"2014/06/19","25.0300","414426.0000","25.1761","25.2931","24.4551"
"2014/06/18","25.0105","462937.0000","24.8156","25.1567","24.3187"
"2014/06/17","24.7767","499590.0000","24.8254","25.5659","24.5633"
"2014/06/16","25.0300","716429.0000","23.9777","25.5951","23.8803"
"2014/06/13","23.9875","496666.0000","24.1434","24.2895","23.3152"
"2014/06/12","24.2895","479033.0000","24.5916","24.7962","23.8218"
"2014/06/11","24.6013","945394.0000","24.0070","24.9910","23.5003"
"2014/06/10","24.0752","560933.0000","23.4808","24.2408","23.3250"
"2014/06/09","23.4224","769485.0000","22.8963","23.9972","22.8475"
"2014/06/06","22.8768","475979.0000","22.3701","23.0327","21.9219"
"2014/06/05","22.3701","663984.0000","22.7111","23.4589","22.0979"
"2014/06/04","22.7014","644102.0000","22.1948","22.7599","21.8051"
"2014/06/03","22.3409","1363818.0000","21.4738","22.4968","21.4348"
"2014/06/02","21.7076","1264971.0000","20.8989","21.9190","20.8307"
"2014/05/30","20.5482","900423.0000","20.5969","21.1522","20.4020"
"2014/05/29","20.4995","1156947.0000","19.9538","21.0061","19.9441"
"2014/05/28","19.8077","1598286.0000","18.3073","20.7041","18.3073"
"2014/05/27","18.4047","963953.0000","17.5473","18.4047","17.3622"
"2014/05/23","17.5278","493709.0000","17.9273","17.9273","17.2453"
"2014/05/22","17.3817","716135.0000","16.5827","18.3943","16.4463"
"2014/05/21","16.6509","392364.0000","16.2320","16.9237","16.1736"
"2014/05/20","16.2807","705604.0000","16.7873","17.3232","16.1053"
"2014/05/19","17.3622","421575.0000","16.9530","17.8298","16.9530"
"2014/05/16","17.5668","661312.0000","17.8786","17.8878","17.0894"
"2014/05/15","17.7324","911682.0000","16.8848","17.8201","16.1248"
"2014/05/14","17.0407","1928934.0000","16.1248","17.9175","15.7741"
"2014/05/13","15.1018","554758.0000","15.2966","15.8715","15.0726"
"2014/05/12","15.3356","683398.0000","15.5500","15.7741","15.1408"
"2014/05/09","15.3551","1652227.0000","14.8095","15.4525","12.7927"
"2014/05/08","14.9069","1405188.0000","15.7253","15.8910","14.7130"
"2014/05/07","14.9946","1424100.0000","16.8848","16.9530","14.6731"
"2014/05/06","16.8750","1027720.0000","17.4694","17.7714","16.8555"
"2014/05/05","17.5376","1474446.0000","17.7324","17.8298","16.3197"
"2014/05/02","17.9857","393523.0000","17.7909","18.0247","17.5473"
"2014/05/01","17.8493","436281.0000","18.4924","18.4924","17.5473"
"2014/04/30","18.3949","355850.0000","18.4144","18.4924","17.8591"
"2014/04/29","18.3852","322236.0000","18.2098","18.7359","17.9857"
"2014/04/28","18.1319","597539.0000","18.1806","18.8529","17.5473"
"2014/04/25","18.1806","579916.0000","18.9211","19.0965","18.1319"
"2014/04/24","19.1257","511895.0000","19.7005","19.7005","18.5898"
"2014/04/23","19.6421","923070.0000","20.7138","20.7430","19.1111"
"2014/04/22","20.5579","1413633.0000","19.2036","20.8502","19.0916"
"2014/04/21","19.1452","348622.0000","18.9406","19.3790","18.5801"
"2014/04/17","18.7749","581150.0000","19.4180","19.4764","18.5411"
"2014/04/16","19.1159","885465.0000","19.2231","19.2328","18.2001"
"2014/04/15","18.9893","1484317.0000","19.8077","20.0902","17.5376"
"2014/04/14","19.7882","562351.0000","20.9964","21.3081","19.4862"
"2014/04/11","20.8892","845093.0000","20.6748","22.1071","20.3144"
"2014/04/10","21.1912","704686.0000","23.1691","23.2373","20.9184"
"2014/04/09","23.2860","575380.0000","23.2762","23.5783","22.5455"
"2014/04/08","23.0619","1075779.0000","21.6784","23.3737","21.2107"
"2014/04/07","21.8537","1892569.0000","22.4676","22.5455","20.4507"
"2014/04/04","22.8670","1067442.0000","24.1336","24.3577","22.0389"
"2014/04/03","23.9193","993877.0000","24.5623","24.7961","23.4687"
"2014/04/02","24.4551","726164.0000","24.9423","25.2443","24.2018"
"2014/04/01","24.8838","1314430.0000","25.5853","25.9166","24.1239"
"2014/03/31","25.6146","862170.0000","24.6987","26.0335","24.4162"
"2014/03/28","23.5880","900461.0000","25.5269","25.9653","23.2567"
"2014/03/27","25.5853","424555.0000","25.1664","25.7412","24.5136"
"2014/03/26","25.0592","657805.0000","26.6863","27.0566","24.7378"
"2014/03/25","26.3551","659875.0000","27.6217","27.7191","26.0822"
"2014/03/24","26.9591","883541.0000","27.2904","27.7678","26.0725"
"2014/03/21","27.4170","2993235.0000","30.0672","30.0769","26.7155"
"2014/03/20","29.9308","455223.0000","29.6872","30.1256","28.8688"
"2014/03/19","29.8820","500323.0000","30.2523","30.8856","29.1318"
"2014/03/18","30.0769","597045.0000","29.2195","30.1938","28.3816"
"2014/03/17","29.1805","597005.0000","29.7164","30.3205","28.8493"
"2014/03/14","29.3657","580121.0000","27.8652","30.1256","27.6411"
"2014/03/13","28.8103","1110560.0000","30.2036","30.3104","27.9724"
"2014/03/12","29.7651","1268603.0000","26.3356","30.4374","26.3356"
"2014/03/11","26.7058","811870.0000","26.7058","28.4664","26.2187"
"2014/03/10","26.5694","610635.0000","25.8679","27.0955","25.6535"
"2014/03/07","26.0335","578483.0000","26.6668","26.6668","25.2346"
"2014/03/06","26.4233","906122.0000","28.6544","28.7518","25.8777"
"2014/03/05","27.8945","1043561.0000","26.3843","28.3524","26.1310"
"2014/03/04","25.2249","586076.0000","24.5526","26.1212","24.4747"
"2014/03/03","24.1044","455562.0000","24.8351","25.0495","23.8706"
"2014/02/28","25.3125","568607.0000","25.0592","27.1832","24.9520"
"2014/02/27","25.1956","357632.0000","25.7510","26.1016","25.0008"
"2014/02/26","25.7510","835216.0000","28.3524","28.7129","25.6341"
"2014/02/25","27.2514","1959168.0000","24.5916","28.2501","23.4029"
"2014/02/24","24.3382","745266.0000","25.0105","25.4295","24.1336"
"2014/02/21","24.8351","600814.0000","25.5269","25.5269","24.7591"
"2014/02/20","25.5269","437371.0000","26.4525","26.5263","25.4733"
"2014/02/19","26.4915","346269.0000","27.1442","27.2806","26.3551"
"2014/02/18","26.9689","980863.0000","26.3356","27.1053","26.1310"
"2014/02/14","26.3843","425372.0000","27.6509","27.8001","26.0287"
"2014/02/13","27.7191","515023.0000","27.2417","28.2452","26.8812"
"2014/02/12","27.5729","473654.0000","28.2452","28.3719","27.4073"
"2014/02/11","28.2550","448693.0000","28.7616","29.1482","28.1776"
"2014/02/10","28.5765","666896.0000","28.8980","29.1805","27.9821"
"2014/02/07","29.3852","581726.0000","29.2487","29.6969","28.8395"
"2014/02/06","29.3169","412876.0000","30.5056","30.9733","28.8980"
"2014/02/05","30.2328","574583.0000","30.1256","31.0804","29.2293"
"2014/02/04","30.5056","448989.0000","31.1779","31.7819","29.9697"
"2014/02/03","30.9148","548695.0000","32.4153","33.4188","30.4764"
"2014/01/31","32.7075","342316.0000","31.3240","33.8767","30.7882"
"2014/01/30","32.0060","406513.0000","32.6978","32.8927","31.7332"
"2014/01/29","32.1424","246829.0000","33.2044","33.9547","31.9087"
"2014/01/28","33.6819","262364.0000","31.8014","34.2762","31.1803"
"2014/01/27","31.7819","410776.0000","32.9316","33.2043","30.7502"
"2014/01/24","32.2204","582837.0000","33.8572","34.2470","31.6748"
"2014/01/23","34.1495","345415.0000","34.5880","35.1974","33.1853"
"2014/01/22","34.2957","260527.0000","34.1008","35.9811","32.9219"
"2014/01/21","33.3116","1008338.0000","36.2053","37.5109","32.6393"
"2014/01/17","35.8740","695777.0000","34.8803","36.7607","34.5540"
"2014/01/16","34.7536","751553.0000","33.3408","34.9192","31.9476"
"2014/01/15","33.2532","934789.0000","31.3727","33.3896","30.6907"
"2014/01/14","30.4471","533653.0000","27.9724","30.9246","27.8750"
"2014/01/13","28.0016","863988.0000","29.4631","29.6580","27.5802"
"2014/01/10","29.1026","1078939.0000","26.6961","29.1318","26.5694"
"2014/01/09","26.2966","464074.0000","26.0822","26.6766","24.8936"
"2014/01/08","25.0300","862125.0000","23.3834","26.3063","23.1866"
"2014/01/07","23.0911","334784.0000","22.6040","23.2350","22.1655"
"2014/01/06","22.1850","336120.0000","23.1203","23.1203","21.9512"
"2014/01/03","22.8963","257395.0000","23.1691","23.2714","22.8281"
"2014/01/02","23.1301","327963.0000","23.0424","23.2373","22.4091"
"2013/12/31","23.1885","587205.0000","22.8281","23.8706","22.5065"
"2013/12/30","21.9219","763831.0000","21.4738","22.3799","21.4640"
"2013/12/27","21.2594","132345.0000","20.9574","21.3374","20.7139"
"2013/12/26","20.9671","118344.0000","21.1912","21.3374","20.7235"
"2013/12/24","21.0646","74688.0000","21.0840","21.2185","20.9476"
"2013/12/23","20.8697","409281.0000","19.8369","21.3374","19.8369"
"2013/12/20","19.8369","280497.0000","19.5251","20.4410","19.4959"
"2013/12/19","19.6031","197347.0000","19.7590","20.0318","19.4472"
"2013/12/18","19.7492","270895.0000","19.3595","20.4020","19.2913"
"2013/12/17","19.3205","152019.0000","19.3108","19.4569","18.9406"
"2013/12/16","19.3985","376941.0000","19.3108","19.4764","19.1159"
"2013/12/13","19.2329","272085.0000","19.1549","19.3254","18.7165"
"2013/12/12","19.1257","288220.0000","18.7165","19.2427","18.5119"
"2013/12/11","18.7165","1009534.0000","19.0575","19.0575","18.4242"
"2013/12/10","18.9698","354546.0000","19.3205","19.5349","18.9503"
"2013/12/09","19.3108","285330.0000","20.4605","20.4605","19.0380"
"2013/12/06","19.9831","254986.0000","20.6066","20.7527","19.2816"
"2013/12/05","20.2559","174404.0000","20.1390","20.5969","19.9538"
"2013/12/04","20.2072","336953.0000","19.5836","20.4215","19.4959"
"2013/12/03","19.6713","835830.0000","20.5579","21.0061","19.4375"
"2013/12/02","20.5092","621945.0000","21.9317","22.0583","20.4118"
"2013/11/29","22.3019","192206.0000","21.6297","22.5650","21.4348"
"2013/11/27","21.3666","191639.0000","21.1912","21.4981","20.7528"
"2013/11/26","21.0451","432815.0000","20.7138","21.2497","20.6553"
"2013/11/25","20.7430","312567.0000","21.0646","21.2984","20.2656"
"2013/11/22","21.0938","473347.0000","20.5287","22.2824","20.4702"
"2013/11/21","20.4215","541096.0000","19.2231","20.7723","19.2231"
"2013/11/20","19.0965","228245.0000","18.9406","19.4170","18.5317"
"2013/11/19","18.9211","378796.0000","18.8918","19.1549","18.5216"
"2013/11/18","19.0088","464190.0000","19.2621","19.4375","18.6385"
"2013/11/15","19.1647","1388901.0000","19.5641","19.9246","18.9308"
"2013/11/14","17.6545","278899.0000","18.7652","18.9406","17.3622"
"2013/11/13","18.6775","198634.0000","18.5314","19.1159","18.5314"
"2013/11/12","18.7067","214303.0000","19.3205","19.4375","18.5314"
"2013/11/11","19.1159","219767.0000","18.9113","19.4180","18.4631"
"2013/11/08","18.8334","738457.0000","17.8786","19.6323","17.4401"
"2013/11/07","17.1965","355464.0000","18.2196","18.5507","17.0699"
"2013/11/06","18.1709","412660.0000","19.9149","20.0123","17.8105"
"2013/11/05","19.8272","199119.0000","20.0318","20.1682","19.5057"
"2013/11/04","20.0805","100946.0000","20.3533","20.6553","19.9928"
"2013/11/01","20.3436","168060.0000","20.6748","20.7228","19.9733"
"2013/10/31","20.6553","129486.0000","21.0451","21.1619","20.4897"
"2013/10/30","20.9866","218822.0000","21.5322","21.5322","20.4605"
"2013/10/29","21.5127","133860.0000","22.2630","22.2630","21.3471"
"2013/10/28","21.8245","330847.0000","21.4348","22.1363","21.2498"
"2013/10/25","21.4543","188044.0000","21.0451","21.4738","20.1682"
"2013/10/24","20.9574","378202.0000","20.3825","21.0158","19.6421"
"2013/10/23","20.3631","189688.0000","20.6261","20.6261","20.1682"
"2013/10/22","20.6651","258566.0000","21.4153","21.7758","20.5287"
"2013/10/21","21.2789","155435.0000","22.4383","22.5260","21.2010"
"2013/10/18","22.4091","254415.0000","22.8963","22.9450","21.6882"
"2013/10/17","22.5942","143618.0000","22.4091","22.7404","22.2376"
"2013/10/16","22.4188","118024.0000","21.8440","22.4870","21.7856"
"2013/10/15","21.7173","147328.0000","21.8830","22.1168","21.5566"
"2013/10/14","21.9219","327671.0000","21.1133","22.2142","20.9233"
"2013/10/11","21.2789","493820.0000","20.4118","21.3179","19.5836"
"2013/10/10","20.6066","406138.0000","21.0548","21.3861","20.3143"
"2013/10/09","20.6553","669367.0000","21.8830","21.8830","20.2169"
"2013/10/08","21.6979","358982.0000","23.2275","23.2275","21.6297"
"2013/10/07","22.5358","356788.0000","22.9060","22.9742","22.2630"
"2013/10/04","22.9839","280082.0000","24.3675","24.4941","22.7599"
"2013/10/03","24.4551","420154.0000","24.8936","25.2541","23.6660"
"2013/10/02","24.8449","575304.0000","23.3737","25.2833","23.2762"
"2013/10/01","23.6172","465338.0000","23.0814","23.6952","22.8475"
"2013/09/30","23.0814","1052173.0000","21.7953","23.6075","21.5220"
"2013/09/27","22.4188","467027.0000","21.8245","22.9937","21.8245"
"2013/09/26","22.0389","443343.0000","21.9219","22.1948","21.5420"
"2013/09/25","21.5517","1012970.0000","20.9769","21.6979","20.7041"
"2013/09/24","20.8599","543323.0000","21.1815","21.6297","20.5774"
"2013/09/23","21.5517","411545.0000","21.5615","22.2922","20.6943"
"2013/09/20","21.5517","604730.0000","22.8086","22.9888","20.7625"
"2013/09/19","23.0911","166040.0000","23.8706","24.1140","22.8963"
"2013/09/18","23.6757","326831.0000","23.5296","24.4454","22.7111"
"2013/09/17","23.3347","428407.0000","21.9219","23.5296","21.7563"
"2013/09/16","21.9901","473645.0000","23.3932","23.3932","21.5322"
"2013/09/13","23.2860","198955.0000","23.9875","24.3577","23.1203"
"2013/09/12","24.0070","222884.0000","25.2833","25.2833","23.6952"
"2013/09/11","24.7669","466819.0000","26.2868","26.2868","23.5393"
"2013/09/10","26.0725","272265.0000","26.0725","26.3843","25.3320"
"2013/09/09","25.3125","591452.0000","25.1859","26.7545","24.3675"
"2013/09/06","24.8838","388769.0000","24.1531","25.2443","23.0716"
"2013/09/05","23.6660","568457.0000","22.4091","24.2665","21.8635"
"2013/09/04","21.8148","707730.0000","21.9219","22.7014","21.4348"
"2013/09/03","21.7368","534198.0000","21.7076","22.1558","20.5871"
"2013/08/30","21.1717","181227.0000","21.7173","21.9804","21.0451"
"2013/08/29","21.6102","394097.0000","21.3374","22.2240","21.0646"
"2013/08/28","20.8112","364119.0000","20.8989","21.4640","20.4235"
"2013/08/27","21.0840","638444.0000","21.9219","21.9658","20.1195"
"2013/08/26","22.0194","249503.0000","22.8086","23.1301","21.8343"
"2013/08/23","22.8183","221986.0000","22.2922","23.0423","22.2142"
"2013/08/22","22.3312","460017.0000","23.3737","23.3737","22.2824"
"2013/08/21","23.1203","637212.0000","23.4614","24.6305","22.0389"
"2013/08/20","23.4808","445412.0000","25.0495","25.5649","23.3834"
"2013/08/19","25.2736","305788.0000","25.4197","25.7900","24.8644"
"2013/08/16","24.9715","350820.0000","25.1372","25.3223","24.2018"
"2013/08/15","25.1372","519979.0000","25.9653","26.2966","24.4650"
"2013/08/14","26.5304","398347.0000","27.5340","27.8555","25.8289"
"2013/08/13","27.9529","518977.0000","29.2195","29.2195","25.9458"
"2013/08/12","28.9370","651145.0000","28.2550","29.5605","28.2550"
"2013/08/09","28.3426","2303327.0000","24.4551","30.6323","24.1141"
"2013/08/08","24.0947","10630450.0000","20.5579","24.7109","20.5287"
